$MeshFormat
4.1 0 8
$EndMeshFormat
$PhysicalNames
4
2 2 "Floor"
2 3 "Ceiling"
2 4 "Walls"
3 1 "Air"
$EndPhysicalNames
$Entities
8 12 6 1
1 0.3 0.3 0 0 
2 10.1 0 0 0 
3 9.9 4.9 0 0 
4 0.2 5.2 0 0 
5 -0.791910702798607 1.391910702798607 3 0 
6 11.19191070279861 1.091910702798607 3 0 
7 10.99191070279861 3.808089297201393 3 0 
8 -0.8919107027986071 4.108089297201393 3 0 
1 0.2999999999999998 0 0 10.1 0.3 0 0 2 1 -2 
2 9.9 0 0 10.1 4.9 0 0 2 2 -3 
3 0.1999999999999993 4.9 0 9.9 5.2 0 0 2 3 -4 
4 0.2 0.2999999999999998 0 0.3 5.2 0 0 2 4 -1 
5 -0.7919107027986074 1.091910702798607 3 11.19191070279861 1.391910702798607 3 0 2 5 -6 
6 10.99191070279861 1.091910702798607 3 11.19191070279861 3.808089297201393 3 0 2 6 -7 
7 -0.8919107027986062 3.808089297201393 3 10.99191070279861 4.108089297201393 3 0 2 7 -8 
8 -0.8919107027986071 1.391910702798607 3 -0.791910702798607 4.108089297201393 3 0 2 8 -5 
9 -0.791910702798607 0.2999999999999999 0 0.3 1.391910702798607 3 0 2 1 -5 
10 10.1 0 0 11.19191070279861 1.091910702798607 3 0 2 2 -6 
11 9.9 3.808089297201393 0 10.99191070279861 4.9 3 0 2 3 -7 
12 -0.8919107027986071 4.108089297201393 0 0.2000000000000001 5.2 3 0 2 4 -8 
1 0.1999999999999993 0 0 10.1 5.2 0 1 2 4 1 2 3 4 
2 -0.8919107027986071 1.091910702798607 3 11.19191070279861 4.108089297201393 3 1 3 4 5 6 7 8 
3 -0.7919107027986074 0 0 11.19191070279861 1.391910702798607 3 1 4 4 1 10 -5 -9 
4 9.9 0 0 11.19191070279861 4.9 3 1 4 4 2 11 -6 -10 
5 -0.8919107027986071 3.808089297201393 0 10.99191070279861 5.2 3 1 4 4 3 12 -7 -11 
6 -0.8919107027986071 0.2999999999999998 0 0.2999999999999999 5.2 3 1 4 4 4 9 -8 -12 
1 -0.8919107027986071 0 0 11.19191070279861 5.2 3 1 1 6 1 2 3 4 5 6 
$EndEntities
$Nodes
27 1307 1 1307
0 1 0 1
1
0.3 0.3 0
0 2 0 1
2
10.1 0 0
0 3 0 1
3
9.9 4.9 0
0 4 0 1
4
0.2 5.2 0
0 5 0 1
5
-0.791910702798607 1.391910702798607 3
0 6 0 1
6
11.19191070279861 1.091910702798607 3
0 7 0 1
7
10.99191070279861 3.808089297201393 3
0 8 0 1
8
-0.8919107027986071 4.108089297201393 3
1 1 0 19
9
10
11
12
13
14
15
16
17
18
19
20
21
22
23
24
25
26
27
0.789999999999035 0.2850000000000295 0
1.279999999998195 0.2700000000000553 0
1.7699999999971 0.2550000000000888 0
2.259999999995769 0.2400000000001295 0
2.749999999994499 0.2250000000001684 0
3.239999999993229 0.2100000000002072 0
3.729999999991699 0.1950000000002541 0
4.219999999990431 0.1800000000002929 0
4.709999999989004 0.1650000000003366 0
5.199999999987718 0.150000000000376 0
5.689999999988824 0.1350000000003421 0
6.179999999990105 0.1200000000003029 0
6.669999999991385 0.1050000000002637 0
7.159999999993011 0.09000000000021391 0
7.649999999994117 0.07500000000018006 0
8.139999999994879 0.06000000000015673 0
8.629999999995814 0.04500000000012816 0
9.119999999996748 0.03000000000009956 0
9.609999999998372 0.01500000000004981 0
1 2 0 9
28
29
30
31
32
33
34
35
36
10.08000000000004 0.489999999999108 0
10.06000000000009 0.9799999999977498 0
10.04000000000015 1.469999999996283 0
10.02000000000021 1.959999999994742 0
10.00000000000027 2.449999999993373 0
9.980000000000221 2.939999999994596 0
9.960000000000171 3.429999999995809 0
9.940000000000117 3.919999999997157 0
9.920000000000067 4.409999999998344 0
1 3 0 19
37
38
39
40
41
42
43
44
45
46
47
48
49
50
51
52
53
54
55
9.415000000000653 4.91499999999998 0
8.930000000000678 4.929999999999979 0
8.445000000001663 4.944999999999949 0
7.960000000003132 4.959999999999903 0
7.475000000004949 4.974999999999847 0
6.990000000006105 4.989999999999812 0
6.505000000007227 5.004999999999777 0
6.020000000008662 5.019999999999732 0
5.535000000010477 5.034999999999676 0
5.050000000011772 5.049999999999637 0
4.565000000010677 5.06499999999967 0
4.08000000000979 5.079999999999697 0
3.595000000008453 5.094999999999739 0
3.110000000007014 5.109999999999784 0
2.625000000005953 5.124999999999816 0
2.140000000004894 5.139999999999849 0
1.655000000004295 5.154999999999867 0
1.170000000002792 5.169999999999914 0
0.6850000000012191 5.184999999999962 0
1 4 0 9
56
57
58
59
60
61
62
63
64
0.209999999999983 4.710000000000832 0
0.219999999999954 4.220000000002254 0
0.2299999999999143 3.730000000004198 0
0.239999999999886 3.240000000005586 0
0.2499999999998566 2.750000000007025 0
0.2599999999998825 2.260000000005758 0
0.269999999999909 1.770000000004458 0
0.2799999999999387 1.280000000003 0
0.2899999999999653 0.7900000000016982 0
1 5 0 23
65
66
67
68
69
70
71
72
73
74
75
76
77
78
79
80
81
82
83
84
85
86
87
-0.2925848108996426 1.37941070279863 3
0.2067410809993082 1.366910702798653 3
0.7060669728984412 1.354410702798672 3
1.205392864796794 1.34191070279871 3
1.704718756695075 1.329410702798751 3
2.204044648593327 1.316910702798792 3
2.70337054049158 1.304410702798832 3
3.202696432389831 1.291910702798873 3
3.702022324288083 1.279410702798914 3
4.201348216186332 1.266910702798955 3
4.700674108084582 1.254410702798996 3
5.199999999983529 1.241910702799019 3
5.69932589188444 1.229410702798994 3
6.198651783785467 1.216910702798965 3
6.697977675686953 1.204410702798925 3
7.197303567588904 1.191910702798873 3
7.696629459490159 1.179410702798839 3
8.195955351391415 1.166910702798805 3
8.695281243292211 1.154410702798782 3
9.194607135193237 1.141910702798753 3
9.693933027095188 1.129410702798701 3
10.19325891899644 1.116910702798667 3
10.6925848108977 1.104410702798633 3
1 6 0 5
88
89
90
91
92
11.15857736946536 1.544607135197904 3
11.12524403613212 1.997303567597102 3
11.09191070279889 2.449999999996161 3
11.05857736946547 2.90269643239775 3
11.02524403613206 3.355392864799278 3
1 7 0 23
93
94
95
96
97
98
99
100
101
102
103
104
105
106
107
108
109
110
111
112
113
114
115
10.49675147756609 3.820589297201376 3
10.00159225233462 3.833089297201331 3
9.506433027101764 3.845589297201322 3
9.011273801870182 3.858089297201281 3
8.516114576638831 3.870589297201234 3
8.020955351405975 3.883089297201225 3
7.525796126174162 3.895589297201189 3
7.030636900942291 3.908089297201155 3
6.535477675710358 3.920589297201123 3
6.040318450478368 3.933089297201092 3
5.545159225246667 3.945589297201054 3
5.050000000014907 3.958089297201017 3
4.554840774780545 3.970589297201045 3
4.059681549546069 3.983089297201077 3
3.564522324311477 3.995589297201112 3
3.069363099076885 4.008089297201146 3
2.574203873843274 4.020589297201156 3
2.079044648608566 4.033089297201195 3
1.583885423373857 4.045589297201232 3
1.088726198139959 4.058089297201249 3
0.5935669729061832 4.070589297201264 3
0.09840774767090643 4.083089297201315 3
-0.3967514775641394 4.095589297201362 3
1 8 0 5
116
117
118
119
120
-0.8752440361319733 3.655392864801824 3
-0.8585773694653557 3.20269643240269 3
-0.8419107027987348 2.75000000000347 3
-0.8252440361320149 2.297303567601563 3
-0.8085773694653171 1.844607135200252 3
1 9 0 6
121
122
123
124
125
126
0.1440127567436411 0.4559872432563589 0.4285714285698212
-0.01197448651273014 0.6119744865127301 0.8571428571396766
-0.16796172976914 0.7679617297691399 1.285714285709638
-0.3239489730261113 0.9239489730261112 1.714285714281142
-0.4799362162836008 1.079936216283601 2.14285714285407
-0.6359234595411107 1.235923459541111 2.571428571427054
1 10 0 6
127
128
129
130
131
132
10.25598724325638 0.1559872432563787 0.428571428569876
10.41197448651271 0.3119744865127084 0.857142857139617
10.56796172976908 0.4679617297690771 1.285714285709465
10.72394897302592 0.6239489730259165 1.714285714280606
10.8799362162835 0.7799362162835003 2.142857142853793
11.03592345954109 0.9359234595410933 2.571428571427006
1 11 0 6
133
134
135
136
137
138
10.05598724325635 4.744012756743654 0.4285714285697869
10.21197448651264 4.588025513487361 0.8571428571394266
10.36796172976904 4.432038270230955 1.285714285709376
10.52394897302587 4.27605102697413 1.71428571428048
10.67993621628348 4.120063783716521 2.142857142853736
10.83592345954107 3.964076540458927 2.571428571426949
1 12 0 6
139
140
141
142
143
144
0.04401275674369223 5.044012756743692 0.4285714285696809
-0.1119744865127069 4.888025513487293 0.8571428571396129
-0.2679617297690854 4.732038270230914 1.285714285709488
-0.4239489730260438 4.576051026973956 1.714285714280957
-0.5799362162835699 4.42006378371643 2.142857142853985
-0.7359234595410988 4.264076540458901 2.571428571427021
2 1 0 216
145
146
147
148
149
150
151
152
153
154
155
156
157
158
159
160
161
162
163
164
165
166
167
168
169
170
171
172
173
174
175
176
177
178
179
180
181
182
183
184
185
186
187
188
189
190
191
192
193
194
195
196
197
198
199
200
201
202
203
204
205
206
207
208
209
210
211
212
213
214
215
216
217
218
219
220
221
222
223
224
225
226
227
228
229
230
231
232
233
234
235
236
237
238
239
240
241
242
243
244
245
246
247
248
249
250
251
252
253
254
255
256
257
258
259
260
261
262
263
264
265
266
267
268
269
270
271
272
273
274
275
276
277
278
279
280
281
282
283
284
285
286
287
288
289
290
291
292
293
294
295
296
297
298
299
300
301
302
303
304
305
306
307
308
309
310
311
312
313
314
315
316
317
318
319
320
321
322
323
324
325
326
327
328
329
330
331
332
333
334
335
336
337
338
339
340
341
342
343
344
345
346
347
348
349
350
351
352
353
354
355
356
357
358
359
360
2.87241735941339 4.708266753423253 0
4.309980441195305 4.660931656872073 0
5.732413808536792 4.59453818020994 0
7.219041086854156 4.569308337273155 0
3.461783775014245 0.6345209658296685 0
4.948901888226175 0.5952208007263655 0
6.460819226700402 0.5182826668875744 0
0.6679214059268183 2.495855442172656 0
9.583455566311727 2.702481334668365 0
7.907584014586793 0.4780939672588019 0
2.031749701197519 0.6503858991406561 0
8.661557887613384 4.484100728092359 0
9.604550372828012 1.631034247555438 0
0.6591804337550605 3.493930917026249 0
1.899077383651167 4.678621366242454 0
0.6890847603702286 1.544270649995467 0
8.895126290386903 0.4596303717689992 0
9.525865404015192 3.657260334376225 0
0.6106796842994389 4.461229582188333 0
1.046225884308855 0.6673021623010191 0
9.664996144720853 0.7108052307254754 0
0.6442108536247534 3.981584953826705 0
1.076870083748208 3.747104221705814 0
1.087885334503329 3.258365593535389 0
1.50584441410037 3.511620703043502 0
1.508045517393055 3.010772935081418 0
1.93270334123268 3.27420659214112 0
1.934573942071239 2.773167532739906 0
2.360368841304408 3.038100747845771 0
2.38151226316501 2.569711686097655 0
2.791453212157822 2.808061603775519 0
2.81707552609798 2.347927275576468 0
3.220596242669773 2.575086593555046 0
3.208461704258634 3.059695051113325 0
3.635982325016493 2.824674991665451 0
3.650143019099748 2.343242423920601 0
4.064076565019311 2.590298685855633 0
4.066572395354233 2.088859143496718 0
4.490173396827221 2.352252890738623 0
4.480781696163297 2.841953394120577 0
4.908262415193293 2.606877648171966 0
4.897924110233058 3.094625206680755 0
5.325411435325752 2.860162692373319 0
5.336073991918448 2.372439198107125 0
5.753067553202913 2.625659718403317 0
5.763873798156068 2.137761268221193 0
6.181005673645968 2.391031102644924 0
6.163580583751902 2.905432910261164 0
6.59604320199155 2.675519556708247 0
6.608441981903995 2.15849580572075 0
7.025917113519328 2.41533724265828 0
7.010437107848619 2.987707716401311 0
7.441367314871483 2.708534590963979 0
7.454319554665858 2.183460720507852 0
7.871944694810011 2.437861102962132 0
7.861035329430009 2.917479979864745 0
1.969238711463513 2.318387779225979 0
7.883369527798234 1.943005607094532 0
7.444035518096073 1.689591705919941 0
3.625147481121682 3.311496020506402 0
8.301336065858617 2.196246981306615 0
4.487224854303102 1.842721589495685 0
8.312532712521321 1.705913328104129 0
5.314631987479588 3.34750136016842 0
2.351581903882069 3.528098099978367 0
3.629372159167249 1.85457281600571 0
4.887660430163102 3.581814708582851 0
3.197785928679303 3.546311110024211 0
3.614527477053834 3.79863187818679 0
5.346729584427619 1.884499177878663 0
5.774761187619971 1.6495505309622 0
8.726787596337822 1.959808705242978 0
8.737375906161825 1.470130613370711 0
8.748706521120802 2.401491983045545 0
5.297843532065323 3.834192132669634 0
5.715741973003444 3.625309367221575 0
5.357190282397729 1.39602191527658 0
5.783789640630812 1.163961526944142 0
6.188258595994501 1.443047195292126 0
4.042404457974283 3.564010114420479 0
8.304648552003854 1.257632381451989 0
1.507562706652124 3.98205393583696 0
4.881530131753532 4.060004884905697 0
3.170841859459127 4.009104957229122 0
3.599879752713836 4.287098190651333 0
9.119255313875851 2.190063281163375 0
5.290761818909587 4.308670386734352 0
4.83738464634366 4.588430412879565 0
8.68788547395258 0.9332617877086935 0
9.159403676129566 1.295682037205636 0
5.367584512447394 0.9072095151172335 0
4.935938263294664 1.116996092519926 0
4.485423672182405 0.8566369520981738 0
5.759095985564015 0.68562964881794 0
4.48225623321815 1.332084144594353 0
4.054360256759848 1.090516552199834 0
4.049174313808468 1.595528779035161 0
3.622773563088914 1.398382815109758 0
3.198243486384737 1.676128213386799 0
3.196796852356846 1.122724763586713 0
2.746496811229187 1.49615742273231 0
2.658357390853691 1.023002950228344 0
2.296285151403256 1.350209754389474 0
2.367778688273075 1.801844343515065 0
1.917563023841601 1.61917461492204 0
1.830952501535241 1.113729615740568 0
1.468081497533553 1.482690037857202 0
1.58944249218228 1.969177144410943 0
1.49081367702731 2.471291287522505 0
1.101803457807167 2.22659414273476 0
4.465779701188778 3.806356272936029 0
2.768851630476658 3.77825109401013 0
1.107279366107833 4.297216312241062 0
0.6672779694907567 3.00132700144023 0
1.926115785585358 3.759922482100763 0
2.32806955171207 3.987825063005574 0
9.549082582112209 3.171845242211547 0
9.11319862204631 3.395890637961292 0
9.070458416342497 3.850334587330764 0
8.679649018416587 3.622146714771965 0
8.699760737326171 3.13409744886404 0
8.267240364905904 3.360713004235993 0
8.257233254556223 3.818611746727152 0
7.850736949823522 3.608190154493857 0
7.878428866831833 4.105194852307833 0
7.425576071779078 3.808424812033934 0
7.502625443687791 3.262693041011431 0
7.008911061634585 3.528281668862523 0
6.989791359493014 4.116315530647443 0
6.563066709045032 3.762149375164461 0
6.440504890468505 4.245051963475548 0
6.580177785796433 3.269508447785781 0
6.087368195762579 3.903232694249759 0
9.446783834136014 4.156704311081729 0
4.04165557787444 4.019606124131994 0
4.053170280516442 3.076938546105714 0
5.733180790422795 3.121604666998155 0
9.140282626080985 2.920007978668775 0
4.471286779373159 3.327616373807733 0
6.931725402377563 0.5186115563681537 0
6.717144616112588 0.9332113125108414 0
7.189597413933559 0.9201319264340017 0
6.987315927359766 1.384236764114383 0
2.970543725613388 0.6362794952921698 0
7.419147001931247 0.5008932903103538 0
7.681271807637614 0.8510861495837727 0
2.780253175419923 3.293483369107432 0
1.543848812389882 0.669307392124826 0
8.404010055224079 0.4670624130220509 0
8.324509765637524 2.628657941153712 0
7.698593249689081 4.553896216746606 0
8.158523039707433 4.541019782789141 0
7.021377745631272 1.919699346583787 0
7.892070695561008 1.496192064112424 0
1.087291227024739 2.744034400414492 0
9.160832520233505 4.54044376931307 0
1.390579894208274 4.74448358190821 0
2.423444869806298 4.710980466906967 0
4.916361446632553 2.115015823297361 0
6.189526087784213 1.907247579135373 0
4.920950110712303 1.614556457177095 0
0.7614217771082554 1.052742985323979 0
3.348951060510709 4.715151034623968 0
1.912109060114727 4.193688838731348 0
9.636328117561829 1.193015742061351 0
6.223570488512062 0.9313542696198063 0
6.608236378242616 1.687073840581518 0
9.13683676582572 1.723954496788443 0
4.016301144596458 0.6285719695974947 0
2.701819175324826 4.280120527947576 0
3.829889040562006 4.707958156170333 0
6.231597894018304 4.618690901725108 0
9.552200978527861 2.178389182176419 0
6.136557016814023 3.412450732169954 0
5.686561223155921 4.100195828303836 0
0.6926185236091955 2.011366714266859 0
8.651119367396561 4.041829635424404 0
3.234357202822415 2.11860456957702 0
0.9312469434465396 4.781931390713489 0
2.499244766676321 0.6160072258791999 0
1.304164787302384 1.059426675566569 0
4.455538387936208 4.254783798710895 0
9.361764817834914 0.3972608859990798 0
6.736617961858007 4.64564743319311 0
9.17752469690987 0.8161278602752322 0
8.163464552427513 0.8263883513955264 0
7.526872399891976 1.242199073896082 0
2.802076551803204 1.937442025576718 0
5.393116477242825 0.4946119929324514 0
7.442286126929432 4.230627949801795 0
1.133033351810155 1.76966914018387 0
5.28260104314279 4.722433727923378 0
3.688628526591177 0.9797111163014919 0
1.062088744690265 1.373485307333852 0
9.550624325354526 4.545624325353836 0
0.6583882630861517 0.6547161020662499 0
1.563321682146825 4.379212806992006 0
2.276352722926543 0.9527627889136561 0
4.473911781645403 0.4636182007527484 0
3.1154362935633 4.398891799489539 0
6.556172484211206 1.292608049215953 0
2.412037220333667 2.164387495654014 0
0.5590522819554271 4.835947718045079 0
9.73546818355249 0.3608788499579788 0
2.252904008121817 4.370247252566783 0
4.045522988933946 4.409568054875189 0
6.03568920238842 4.292341913592838 0
6.081395792121787 0.4685570235744201 0
9.209468965267716 2.553892449456057 0
8.321372483221086 4.198151349068177 0
8.784393854742387 2.789581275033733 0
8.987544310616215 4.21369707627763 0
8.32791022599601 3.017389816184154 0
2.047012679571619 1.963965064687485 0
7.936869033913366 3.255733181918853 0
7.93976067183555 1.123559797944619 0
2 2 0 133
361
362
363
364
365
366
367
368
369
370
371
372
373
374
375
376
377
378
379
380
381
382
383
384
385
386
387
388
389
390
391
392
393
394
395
396
397
398
399
400
401
402
403
404
405
406
407
408
409
410
411
412
413
414
415
416
417
418
419
420
421
422
423
424
425
426
427
428
429
430
431
432
433
434
435
436
437
438
439
440
441
442
443
444
445
446
447
448
449
450
451
452
453
454
455
456
457
458
459
460
461
462
463
464
465
466
467
468
469
470
471
472
473
474
475
476
477
478
479
480
481
482
483
484
485
486
487
488
489
490
491
492
493
0.4651057953319261 1.789956667163406 3
1.711890541794765 3.574604227342235 3
3.283290665061435 3.589905648880725 3
4.77080687296801 3.556617037131008 3
6.324935800136528 3.485217362841817 3
7.762550421242797 3.460518829232236 3
9.301201726251337 3.452000431184225 3
8.451539290832429 1.625866497299422 3
6.937681998736751 1.658358533757092 3
5.441999348393701 1.681936587746052 3
3.958992273900299 1.712281464756345 3
2.464532912089724 1.74308960995002 3
0.7824438611441109 3.713237704743003 3
10.69621908585685 2.667223963288292 3
1.458204389461509 1.769074489861391 3
9.527047396775242 1.527588176392493 3
-0.4339906246428435 2.962244147699495 3
-0.4237643517412115 2.103911062013658 3
10.41453835773268 1.500411243356274 3
10.258690221091 3.385122225665802 3
-0.1205725711584703 3.69679699978674 3
-0.05523671037690644 1.826810295764663 3
0.2717638616801987 2.225089796401088 3
0.7236483582057951 2.213217532458801 3
0.477081383743568 2.63772682711412 3
0.9658421407750111 2.633229702611201 3
-0.2039671373656705 2.571729503748857 3
0.09251050319100571 3.004462479099995 3
0.6833064936757617 3.010660951838683 3
1.212707818671418 3.021741986461684 3
1.457423640661246 2.622156005766863 3
1.720378784100904 3.067264636423406 3
1.95447495499216 2.622546374714087 3
2.232122492469954 3.035055123439954 3
2.453678684251966 2.612440483386514 3
2.693494544942467 3.063603259846462 3
2.945050369096702 2.611483227812822 3
3.219219947581231 3.126811221745276 3
3.45216910411536 2.61343359485675 3
3.696278298272331 3.029079239143614 3
3.950649409261871 2.595318516024499 3
3.206473164594862 2.166528948243061 3
4.18107489149276 3.045313009017311 3
4.439649515307262 2.595127640218844 3
2.426318074559859 3.527268967855515 3
3.949869228976385 3.45633840372145 3
4.710266917352002 3.104405878513063 3
4.937646333224395 2.599310651899529 3
5.187469865117718 3.011508161580255 3
5.431552621223021 2.580620048365672 3
4.688584400113817 2.152259259068078 3
5.67060136049114 3.025456535215758 3
5.92797801930442 2.572250480572207 3
0.3657609001394741 3.398068044184016 3
5.681774067105662 2.128102533224109 3
6.176814613842688 2.124861203376582 3
6.42656218231158 2.564354806436278 3
6.669678786428253 2.132937818172856 3
6.9263220525363 2.555381087469417 3
6.647705904379891 3.007632130297424 3
7.161049774575534 2.994607641812905 3
7.424417349546621 2.55531613180916 3
6.430829910631015 1.675334376417273 3
7.185460219100576 2.095265105791975 3
7.687745590040706 2.117031201913922 3
7.92202929217342 2.568249888529328 3
8.185479564275585 2.129979651772444 3
8.417155850981791 2.586465439867928 3
8.682339783696388 2.148174722475703 3
8.914277842483264 2.595157478907543 3
8.607185709035601 3.022008383689594 3
9.17775534829072 2.210200724242222 3
9.410239118581915 2.618117278197863 3
9.671845263371361 2.239379904957854 3
9.937622184572394 2.657336707641011 3
10.18429767558919 2.218859347824205 3
9.951547738374742 1.820951336105949 3
9.592885586423703 3.049270964948708 3
7.948198440605646 1.65975530358592 3
8.967048201266985 1.729930428040206 3
2.201435425217675 2.185713174820343 3
5.441074701260762 3.438751446506804 3
0.9596735887733653 1.781225904070564 3
7.442169879260455 1.650288591774437 3
6.161615245673282 3.017482831933609 3
6.787888287382465 3.478068756426137 3
8.139517554616919 3.012487866931562 3
4.949696279603149 1.691362410623056 3
4.45015880549543 1.708313383713121 3
3.459418672167437 1.720626123975312 3
3.704893363187372 2.163474068348211 3
1.267548676337606 3.667572365558183 3
2.95476645039546 1.734851403225019 3
5.188542174943956 2.138931915154416 3
7.281794924917837 3.469392312549278 3
2.700832590378664 2.177643862290407 3
10.67786579915118 2.214634224541137 3
10.64986409213642 3.100177135138959 3
1.21065546487781 2.203105647227235 3
1.958383877300097 1.753723114760502 3
1.706762958751749 2.192719801191736 3
7.640885322295664 2.998028206173938 3
4.198821294544341 2.154462388688183 3
5.938684607563115 1.667123606897135 3
8.258338717048668 3.47293803705732 3
10.3207820705592 2.902731645070749 3
8.807024808570375 3.444057566221526 3
-0.50838578709246 3.430840480513207 3
9.105469131891031 3.030102017191576 3
2.877648367510858 3.556044615455046 3
9.779336779618227 3.443711142971596 3
10.78942175581339 1.758271960364514 3
4.368622217862605 3.537835397108693 3
5.856095769108148 3.529828779474308 3
10.68449210594484 3.493874164001361 3
-0.1404473310480917 3.285940567206767 3
-0.5455074004456829 2.534257491748722 3
-0.4744147890563369 1.709329979715162 3
10.40353426533224 1.902625622438415 3
9.996159448152836 3.092317037358487 3
9.950899475986018 1.414906952367575 3
0.3388654271881261 3.794720027107972 3
-0.5542548067047991 3.786636673105281 3
9.437622483697371 1.931997386241758 3
10.36335736314576 2.532157177673079 3
2.055032414148807 3.431873995489575 3
3.571925089830059 3.407277007155475 3
10.8465898236359 1.408129184163686 3
0.9693015447913668 3.326656859319909 3
-0.09058889700990727 2.23848370305864 3
5.063578898607553 3.384726656523325 3
1.442184066137805 3.309623885294269 3
0.1310368434161503 2.633403196144835 3
2 3 0 148
494
495
496
497
498
499
500
501
502
503
504
505
506
507
508
509
510
511
512
513
514
515
516
517
518
519
520
521
522
523
524
525
526
527
528
529
530
531
532
533
534
535
536
537
538
539
540
541
542
543
544
545
546
547
548
549
550
551
552
553
554
555
556
557
558
559
560
561
562
563
564
565
566
567
568
569
570
571
572
573
574
575
576
577
578
579
580
581
582
583
584
585
586
587
588
589
590
591
592
593
594
595
596
597
598
599
600
601
602
603
604
605
606
607
608
609
610
611
612
613
614
615
616
617
618
619
620
621
622
623
624
625
626
627
628
629
630
631
632
633
634
635
636
637
638
639
640
641
6.920394058105804 0.2498610597983065 0.4066148530270988
8.393208590863674 0.1834336877041952 0.3497219712339013
5.444494139126286 0.2976515763327693 0.4135725230454406
3.967767792863843 0.3441253098244753 0.4169523784581102
2.4852071840485 0.3922950856380103 0.4243775369235849
1.452472886136739 1.232483012062987 2.579929006149069
8.918218605248112 1.010275790389525 2.596819992259586
3.44952237688401 1.172333640253866 2.582554344186398
4.944448836395786 1.126817316878147 2.583212098107251
7.43865263327817 1.051427861129925 2.5857812541043
6.439984755802009 1.07998607437089 2.580414186591546
2.449631828260098 1.202221527643448 2.580632233964228
1.493197429835373 0.4028603543888541 0.3715869909726601
10.06069621954933 0.4588914472907777 1.220137053609302
0.3173726759955002 0.7512229942498574 1.204319226865125
9.939948618070265 0.9774632006991802 2.592727508999336
0.4603284384049245 1.26326526073727 2.581023291772994
9.359927768858357 0.1591969377771747 0.3640022174638771
10.3927988491225 0.7494000118604072 2.021697193369481
-0.01310148537356631 1.057902030935642 1.99491600395994
10.45095863192085 0.92878821557536 2.504668994301815
-0.06105740416108996 1.246275935142227 2.493182591225008
0.9541903809210971 1.247566710539817 2.579476214663856
1.197566302716551 1.089171805368447 2.177077599494018
1.693791998443288 1.073408378523244 2.175550471468927
1.439751800312183 0.9308438693812315 1.774760366984161
1.934770136912151 0.9151590164604053 1.773344176308759
1.681233808827678 0.7726964058021745 1.372866839799106
2.175657256087981 0.7568045437276218 1.370850241928844
2.429465188255527 0.8992528948495634 1.771311729511439
2.670244269444884 0.740881130610359 1.368762881447545
2.923611348353463 0.8832177378104662 1.768890497094307
3.164318387448708 0.7249519730342318 1.366618350503244
3.418054302518244 0.8673483954671499 1.76693552580562
3.659217164082512 0.7090250391913158 1.364547046680318
3.912696404671374 0.8514090687814357 1.764810237532367
4.154156899531108 0.6930997269327414 1.362483408365905
4.407460630530722 0.8355021895981621 1.762781416356564
4.648634536038826 0.6772320763077593 1.360535777341957
4.902832289447112 0.8197687061866074 1.761264417167216
5.143621101821986 0.6613137184458325 1.358494500280419
5.397382166545019 0.8037117712469419 1.758818074350069
5.638575383434124 0.6453759960365932 1.356398965214646
5.899541978160606 0.7891732171235433 1.761040569517293
6.134285548386128 0.6297360742063417 1.355159013843115
6.39929372743863 0.772654844427077 1.757788609640409
6.62987042004441 0.6137718111949642 1.353044186348045
6.881364427701895 0.7559499379426695 1.752596455792695
7.122484097891745 0.5977302892810931 1.350480922827842
7.37616889164764 0.7400883562142441 1.750691675465091
7.616894521422005 0.5818134132951568 1.34839657829848
7.870861015197686 0.7241762587952656 1.748643059012976
8.111520017098941 0.5659114751062297 1.346369607641174
8.366007819917913 0.7132660582888473 1.759965951108098
8.606058630354058 0.5509795282703539 1.34692141671458
8.860163189288466 0.6981897034746871 1.760101511543976
9.099173332865652 0.5354199582438678 1.345683861617987
9.352406388896135 0.6772379720674788 1.744418037794548
1.192211797758715 0.7892877444786917 1.377188952486197
3.406141624780161 0.5756506685165497 0.988335373198023
4.890471503730002 0.5279041895106569 0.9821830556678085
8.145820054619408 0.879024546591177 2.183887260240552
6.374917901851555 0.480283708745699 0.976376141889296
5.672694687450108 0.9504488521734654 2.172467706179632
4.166567432911246 0.9940228771473713 2.165717961641637
7.857700414027737 0.432532467994648 0.9700848522901107
8.851916047903089 0.3975402284905252 0.9579363077241582
1.921969665691203 0.6146538992079866 0.9711922220819368
9.323884661271874 0.3986593337659761 0.999436223944425
7.149604854603632 0.9003625312172299 2.159472166487276
3.177077243105927 1.025793227893943 2.169663007444421
9.133323274950211 0.8461208864382042 2.176758806738552
9.614378475826129 0.8243704758335042 2.15803312584475
9.885526814824948 0.663899171388338 1.752365559940596
9.569323869755936 0.5211531974310935 1.346018701615309
0.7216068740300281 1.107829652431493 2.187974767557927
0.9542445306652041 0.947941606581326 1.780719303749829
0.4521701230988257 0.9615745294095441 1.776089483699158
8.360952291913014 0.4260702403975962 0.9939268990320983
9.440210946169666 0.9925279908650182 2.592105556838287
8.638143114347759 0.868651776725115 2.196412431256288
1.428709342055032 0.6303954337866617 0.9729029869862209
0.9132938804730135 0.6520766216031939 0.9886400485741296
5.436709339735664 1.110629153410766 2.580229085439115
5.940001505454506 1.096163237345646 2.582737633592775
6.168920598467772 0.9329356039905621 2.166275800950647
2.932677279195373 0.5878638199910282 0.9822554452636135
3.218394544452304 0.4566863807949422 0.6558704363020162
2.448164608253414 0.5808636366415194 0.9240536458015326
4.416361323817037 0.5399946330295409 0.9757232989735567
4.698560997606105 0.4094539834010402 0.6507488232444967
3.931393944603473 0.5339428414433857 0.9200126799414345
6.893565726399576 0.4378138807736454 0.9054830726850739
7.387099662799452 0.4414952812846366 0.9555736408634848
7.658711554189987 0.3146222006701531 0.6395123740427773
5.900382143889566 0.4922234061612925 0.9694797851287458
6.161958420597577 0.3528967485138581 0.6193999222708109
5.414131275907582 0.4863035915205426 0.9140162561080702
1.951263192068199 1.217545534240017 2.580813043491561
6.934778481234049 1.064346616966269 2.579100684301532
7.925089394265377 1.037875024842427 2.58934841357764
4.445717325085845 1.141960217268172 2.582880488580592
3.944917085281559 1.156921344465728 2.581895470210676
4.663545441256942 0.9791658129004499 2.166668472641452
2.189997217497621 1.058286393239303 2.175731671667112
8.878684519443867 0.1704619576501734 0.3547598720631024
2.947672917619135 1.187378792682654 2.581707701136959
1.974166392753988 0.388036550131367 0.3713196987289156
1.021828626144312 0.410049359195259 0.3522843587698613
7.651032807268652 0.8888257631317111 2.169637304814639
3.67178826368566 1.009719135557611 2.167184075888275
0.4613594941545033 0.5833053385143613 0.7684232346234612
9.970274621517595 0.2896726471845975 0.7616427223629132
2.68349676764795 1.041219620202134 2.170507517255968
5.166053257070755 0.9641420785166702 2.167625940716329
6.662324474207996 0.9177059348191161 2.165941317294017
0.7658586015982518 0.8204206992645224 1.425391403074888
10.32618651725836 0.5928202666669031 1.59883996138189
8.426350196724309 1.027513234407362 2.602632247775517
0.5850342661487609 0.4295416045942768 0.3686021159733435
9.818881296535608 0.1460359064441967 0.3663710193848262
3.467138488137238 0.3300227063561086 0.3385012059820992
4.942349922190547 0.2839548435820332 0.3360797194869127
6.41451575696721 0.2361379965090848 0.3287471236570631
0.05326463601628932 0.9042335032968569 1.59067183467779
10.02203547938997 0.8301535576592526 2.206718236103864
7.891732440556661 0.188274357898744 0.321701978592864
0.3163520942500753 1.132953292521192 2.221878975941084
7.246343541523897 0.3223703931087885 0.6265154136390556
5.771777124069517 0.3703900513082042 0.6341927700724288
4.296399377257739 0.4190338259420792 0.6434677281116394
2.816471117929184 0.466066679469244 0.648076821903812
3.612621375784151 0.451975436201081 0.6754838322414275
9.105372989874589 0.2815355372651676 0.669367151731579
9.570892919110291 0.2738061817604041 0.6867519633102789
5.093752996661771 0.4047443519769268 0.6704444855620868
8.133379591866257 0.3059920371331821 0.6552423102828006
6.584295866420653 0.3586459725143724 0.6691928170550233
8.620585671977413 0.29417228144014 0.6634924186779398
1.17866304104158 0.5423575524108785 0.7177996738283636
1.671400436785019 0.5268486015423813 0.7166662714435763
0.832035861592434 0.5234660952635939 0.6391498863538317
2.148270240380147 0.5084362857216311 0.7064979516452499
7.417405841952655 0.1985347969741547 0.310346007906306
5.942113402228966 0.243687644558893 0.3103215728794674
4.471198675673028 0.2909444799498746 0.3162633515664997
2.996690484693589 0.3369487607776677 0.3185727273404124
9.697654841922914 0.3896864872990135 1.006018515773175
2 4 0 50
642
643
644
645
646
647
648
649
650
651
652
653
654
655
656
657
658
659
660
661
662
663
664
665
666
667
668
669
670
671
672
673
674
675
676
677
678
679
680
681
682
683
684
685
686
687
688
689
690
691
10.92610953306 2.652569944475872 2.676423386548755
10.14950859937886 2.213296760148284 0.4005772324759399
10.69303892832308 1.091738489941776 1.826335018190733
10.57583148661408 3.794069583732604 1.806547191494418
10.11175234304241 3.25557644495162 0.4142855553026952
10.18976511293867 1.230704698484304 0.401008939575336
10.95977493049068 1.778392173091104 2.670650698648585
10.26191413461475 4.088786898539973 0.9418216034443561
10.40320850481034 0.7827985926422731 0.9600278811027314
10.24058297328402 0.722118376047882 0.4871103521905112
10.07395765838612 4.169201880525158 0.4128423301409139
10.17750144098583 3.701028378919048 0.6546962403146011
10.33419824398279 3.61768673182709 1.093793408013275
10.12956866352856 2.712106655534063 0.4017792792235276
10.27770807390552 2.46480599221567 0.7971956321084566
10.2979972452376 1.979584207187888 0.7985825718752486
10.42510395044389 2.228023497075257 1.19171193350299
10.40517822788797 2.707587217780632 1.190704546715956
10.55106226131719 2.473261032456644 1.581177514623433
10.57074026414557 1.997915657838623 1.581968518595893
10.53119159415967 2.945004729826722 1.579413558361186
10.69242107635324 2.226214350240914 1.957201282780665
10.71034811680735 1.790597734482493 1.957621690711504
10.5934885840329 1.470626488191648 1.585481158842087
10.16948059941079 1.7246829393848 0.4006590932755549
10.31477472427904 1.510529465795963 0.7918008032654683
10.67284449188363 2.677171831482926 1.953849496152141
10.65788308189705 3.186868573719456 1.97058481341093
10.25904959195586 2.94717650725069 0.8001462717186115
10.7429444938782 3.642253152363484 2.267474788295124
10.80358427233637 3.265500267316726 2.397123183846877
10.84072610504123 1.193983950350161 2.261322808894094
10.54809334459193 0.9375902310046685 1.393132062434258
10.94173092491109 2.212934877059627 2.669769701573027
10.44457380856122 1.750718073969145 1.191677572587999
10.38498479923421 3.176542639003364 1.187690086885072
10.50972655741013 3.407719135380096 1.572027053611166
10.42595708751531 3.965603245101274 1.397302933748494
10.44293622137246 1.274266689819012 1.131283076924329
10.82742143255611 2.007093505780851 2.318276855959996
10.97730636540232 1.346673573197428 2.670393669849348
10.80902184352072 2.429874867546185 2.315002263937363
10.88664995733774 3.526110389923707 2.665524767975685
10.25064639291671 3.346065977541954 0.8227119577614811
10.31825350733691 1.104083564557887 0.7542462106116752
10.79852464250696 2.864489364362027 2.335746662181035
10.84501475192649 1.597106582685242 2.320737824268743
10.04755039341394 3.684802297292788 0.2805685284247617
10.92143451565138 3.107757317486813 2.716250053025668
10.72955083377277 1.414647745526566 1.968671995402538
2 5 0 148
692
693
694
695
696
697
698
699
700
701
702
703
704
705
706
707
708
709
710
711
712
713
714
715
716
717
718
719
720
721
722
723
724
725
726
727
728
729
730
731
732
733
734
735
736
737
738
739
740
741
742
743
744
745
746
747
748
749
750
751
752
753
754
755
756
757
758
759
760
761
762
763
764
765
766
767
768
769
770
771
772
773
774
775
776
777
778
779
780
781
782
783
784
785
786
787
788
789
790
791
792
793
794
795
796
797
798
799
800
801
802
803
804
805
806
807
808
809
810
811
812
813
814
815
816
817
818
819
820
821
822
823
824
825
826
827
828
829
830
831
832
833
834
835
836
837
838
839
3.341484753251252 4.979978980845393 0.3274329457811291
1.890765721229919 5.015486674014648 0.352377591611213
4.802147955267863 4.933783848688465 0.3301512508472464
6.263069980585352 4.887593632103384 0.3328351223181478
7.729139675496622 4.839887773869161 0.3391339660806889
8.766254793657248 3.965771848576456 2.583215808750617
1.364498063535429 4.187375761712959 2.60271439817663
6.785876917172125 4.026032515979701 2.585849235396998
5.300591983271798 4.071167546218444 2.587985587802289
2.825114203907092 4.146278134843849 2.591851460013337
3.815305747973529 4.116251024778297 2.590259435435899
7.776066147083816 3.995913736104645 2.584501706471908
8.721005986960003 4.796720034350386 0.3724243751542189
0.2270951614027558 4.742656720917103 1.216610821929086
9.879585080505365 4.446452145173645 1.210411800994109
0.3496328294888777 4.221246313589165 2.596097158436192
9.749218062598887 3.935063458074643 2.584035218390284
0.9339540289449898 5.040498702544411 0.364583763095631
-0.1005156580414669 4.444895340800669 2.037163810000727
10.21693971660875 4.140582381828899 1.997764733683949
-0.1562208143212989 4.269889611307826 2.508154831126574
10.26593850320153 3.952573815318062 2.494778854309601
9.260058087609908 3.950686265740229 2.582718286012792
9.018755123621524 4.107801348465583 2.183887481574614
8.526445666801045 4.123061328027085 2.183797099265989
8.778452569460836 4.264691677369208 1.785573199902712
8.288136992888646 4.280270145013851 1.784469685713022
8.539121712039391 4.421486008137955 1.387434666911972
8.049276256178569 4.437229062774504 1.385853770268631
7.798241150832255 4.296119934026335 1.782608489338588
7.559336634828154 4.453049267238293 1.38407502676597
7.308755497339742 4.312019902827019 1.780579751649704
7.069815705509857 4.468854568762756 1.382301489980795
6.818741005029892 4.327759806264924 1.779021185832868
6.579509115214415 4.484688135672482 1.38051738201691
6.328635073099436 4.343589720817778 1.777230272464171
6.089099652575446 4.500511705177522 1.378768396850574
5.838347788184384 4.359369106196169 1.775588969925266
5.599163014251679 4.516267547205792 1.377160936782065
5.348083331197229 4.375174196043531 1.77387728203523
5.108783057937438 4.532112551759476 1.375352394034128
4.857874567663568 4.390991746584987 1.772127795238635
4.618315161649365 4.547928138727405 1.373629499106983
4.367603973048033 4.406796645029321 1.770417123337696
4.128367810880332 4.563684628893906 1.372021194681719
3.877005434921142 4.422504883880038 1.768991084907835
3.638341411302965 4.579509784146918 1.370236409699482
3.387031098676352 4.438397487966975 1.767022253916944
3.148305106778363 4.59527431836715 1.36861399939695
2.896835228986581 4.454162551773146 1.765411584290417
2.658098230843054 4.61106091151676 1.366946860109352
2.406611147091345 4.469962884683838 1.763709245999582
2.167898164207975 4.62685550177468 1.365257846851526
1.915605274274843 4.480769848029242 1.775378941319633
1.677680813667741 4.641744946720257 1.365982518525648
1.425590340804475 4.495686221660812 1.776015162525894
1.188427687001967 4.65723953592729 1.365014973112056
0.9372614779863554 4.516441766660043 1.76095070876427
6.830043983248015 4.617723199928712 1.005321705247167
5.359331558032484 4.665222096997724 0.999957097879166
9.023642252906175 4.405087680719664 1.391200802822793
3.889054589030815 4.712644731709678 0.9947598415585822
2.132134636648613 4.316784294217498 2.1945618633346
2.419272181451582 4.760063623457703 0.9895317965453871
4.606537822246759 4.249634536308562 2.16956852723222
6.07733085955434 4.202236513372597 2.174657655282467
1.434016629106981 4.79470002530447 0.978432968012962
8.300324854568732 4.578065710598275 0.9898241151750801
0.9666797522982598 4.795304466597138 1.015342025363373
3.135739464643504 4.297054614684642 2.164421058784763
7.057730733501336 4.170702493187052 2.177888697963582
1.153047217520383 4.349517803130173 2.188025941307227
0.6763903387316279 4.371137628548255 2.169696078961951
0.4185974630298621 4.532263511405747 1.761535449013129
9.490470378152263 4.089279416177844 2.194368604271023
8.27046181685712 3.980727938825896 2.584222434368739
0.7006458047679769 4.674602864824344 1.358945870874683
1.920787838109863 4.767777348557352 1.010061543898647
0.8452405492259818 4.206147124744154 2.595487167861276
1.643986722338875 4.326960500603727 2.207676994148177
8.788872852888334 4.562455209657577 0.9911586912397108
9.306894489584995 4.540455396422501 1.007091779144043
9.259844494663817 4.247839947889973 1.79080555040689
9.758099278340985 4.234437047822948 1.785456677718918
7.300591246130302 4.605091822797551 1.000200456601652
7.017721782830376 4.738420747127782 0.6681871178049867
7.787002301569109 4.581667983341886 1.022534130741844
5.830598124524545 4.652681866909204 0.994533649412625
5.551638501140049 4.785501094117494 0.6635564146028159
6.317455694167801 4.628230100750663 1.01956999916485
3.381239777107104 4.724155864749354 1.005938352673449
2.888384695367707 4.745637491851746 0.9893119220826639
2.619854665728742 4.879175263881776 0.6555600749711372
4.360518163966372 4.700209796553612 0.9890395382187198
4.085773642190849 4.832524264567081 0.659060086569502
4.847437700954263 4.675840218365473 1.013851745049494
2.348256114272493 4.159799328404824 2.595121466246928
4.309885082749576 4.101143016238586 2.589757713749425
5.795170986035024 4.056042294107312 2.587529848515166
3.321341890223964 4.131004703136149 2.591654735593875
1.409298824427328 5.028790761282183 0.3566060754532258
9.185588519683142 4.789241362432407 0.3540625323658143
8.243857898516008 4.816330102833834 0.3594911093746277
8.036148065706954 4.138765349397659 2.182357496113579
9.738632915353048 4.616663648271795 0.7684069942686981
4.8075345870579 4.085725171782773 2.58982866458677
0.3256640512761766 4.908944805746488 0.7653197725061502
4.115132570635748 4.265001489725807 2.1691185254162
7.283613381487383 4.010356520838806 2.586601003897415
2.634586043206423 4.310144640216913 2.170842676974284
5.096821078766341 4.234032037272685 2.170738750313986
5.587090694819707 4.218239632387331 2.172416206874197
6.567579154300167 4.186676369661221 2.175717880876018
6.2933567347334 4.040480311719177 2.587940735014829
3.625461181782242 4.281580770877171 2.165294693354704
7.546967309561087 4.155356483259595 2.178461635880498
9.445613119200267 4.374854443605747 1.436993322217351
-0.02934674728079564 4.605580974065678 1.603062016186677
1.851649532692833 4.170114470924726 2.608563524806878
9.615937882717697 4.770177706054513 0.3693969341109819
6.765824476010148 4.873142872012813 0.3299079665383963
0.4855894862728481 5.050527812750619 0.3748117955819933
5.305354740277553 4.919103252545037 0.3277993406892883
3.845078646191977 4.965024791222291 0.3257782696644778
2.386439779155298 5.009091646477049 0.3285650811080856
10.14894104552676 4.294081080421405 1.59428729603485
0.2717692278484236 4.367661139927436 2.21231172669469
3.124026843986391 4.862677628611155 0.6579710986817503
4.58903417589397 4.816204558529916 0.661072061110311
9.890654946429548 4.062785714221068 2.231990784769822
1.186012209179182 4.914823201923559 0.6787399204685783
6.054485018418255 4.769435679633445 0.66492481367585
2.147389687550321 4.889421533455419 0.6671958282833751
1.664711818267265 4.901833257422938 0.673902321288
3.611109708626398 4.846167710284158 0.6618234324881483
5.07582410526103 4.799275844874018 0.6660646516963868
6.54143348920999 4.752424371926133 0.6701244541248994
7.520557220892516 4.722299220219285 0.6697059726654486
2.867801007022442 4.994320586635829 0.3282548667570169
9.036631013310592 4.654915919545926 0.7243246914755013
4.327839069927521 4.94875624383452 0.3293436113652561
8.548528380688575 4.670396555796934 0.7232995027383819
8.040134082984771 4.69386654454614 0.7026547921324029
5.78825804007339 4.902772276399795 0.3315192818810169
7.249707192540118 4.856458435538117 0.3344891705149199
0.7333055953760373 4.922434601048796 0.6957691736301986
0.5904347853482194 4.806475478073955 1.01658242315826
9.376736964129893 4.674290806545429 0.6446565862730076
2 6 0 50
840
841
842
843
844
845
846
847
848
849
850
851
852
853
854
855
856
857
858
859
860
861
862
863
864
865
866
867
868
869
870
871
872
873
874
875
876
877
878
879
880
881
882
883
884
885
886
887
888
889
-0.6975752243020586 2.540449244965781 2.669674396581446
0.1027075539897642 2.989641829985477 0.3993966726532681
-0.4242505864031575 4.104370758369833 1.813558785884338
-0.3674622464550743 1.406828793696672 1.808688499069398
0.1180507046378045 1.948562747021183 0.4159539275453645
0.08251407259345625 3.972092123933705 0.3997990804722431
-0.7124543297888712 3.408939227342253 2.661694473568664
-0.05311286408815624 1.112160749731704 0.9438941268458662
-0.1282554773397679 4.379650792884212 0.9676196250204245
0.1380140055510532 1.033040671285034 0.4123661988938603
0.04087243119941389 1.502035337545033 0.6579759398033324
-0.1168716333195257 1.585890395762609 1.095603536296257
0.04140790911317863 4.472904884445644 0.4864241386239075
0.1123306036103844 2.492338640388033 0.4008719397081306
-0.03324903171990168 2.742510667671666 0.7948619247784767
-0.04365810992688943 3.226704335410258 0.7963416224965199
-0.178546901687581 2.980769420845734 1.188743543119902
-0.1681876323249274 2.501405273614816 1.187127107621404
-0.3122327896219147 2.737967629984235 1.577592322273276
-0.3222517266081121 3.214017495623458 1.578443928467258
-0.302047179110752 2.264056212665579 1.576150841203454
-0.4515857077375456 2.976598556253946 1.954778733013336
-0.4622415605476689 3.424872629312659 1.959006569275954
0.09270838892697489 3.478377306903314 0.3994667110705408
-0.05291055638271502 3.702629884389203 0.7950505558034239
-0.4400330649431761 2.523751811555553 1.94829739072411
-0.4380294574650331 2.011654474949243 1.971989836974317
-0.328621385785736 3.704143870904011 1.568254617935686
-0.5777128113218546 3.996377088178899 2.250158287087662
-0.2849820952114234 4.220672933915759 1.416293112844852
-0.1551890286477011 2.037438873872623 1.177226734129403
-0.5344985580211042 1.558442654721923 2.268499760713832
-0.5878175035499897 1.929078074684441 2.396829446076756
-0.02311303772583728 2.262626974445248 0.7939014517494248
-0.7029813299874014 2.9793816260391 2.659712890454762
-0.1837282840133622 3.442540204316892 1.176844501778022
-0.2908813765442236 1.795986148526871 1.571625845396874
-0.2181990632251082 1.234658500875874 1.399902456221351
-0.5839687497349839 3.182605509796205 2.314283984234566
-0.7147577711435855 3.830125623144955 2.644046637954023
-0.5735324797353436 2.76353147052758 2.309000631479782
-0.6782668043107272 1.672417472334805 2.665205120457026
-0.02544282418478822 1.861279678671139 0.8234086055247657
-0.5726869826235502 2.32750457362417 2.331587044533877
-0.04672501514099769 4.070850780876292 0.7566252285530684
0.1742016576706047 1.517069388707865 0.2831647183208891
-0.1708704689790004 3.920081411214396 1.113447940322579
-0.7043350321172126 2.088465609779392 2.714504883641968
-0.4644879415375761 3.789055520236216 1.944461525564572
-0.5859371940124232 3.605329266335197 2.29560857961424
3 1 0 418
890
891
892
893
894
895
896
897
898
899
900
901
902
903
904
905
906
907
908
909
910
911
912
913
914
915
916
917
918
919
920
921
922
923
924
925
926
927
928
929
930
931
932
933
934
935
936
937
938
939
940
941
942
943
944
945
946
947
948
949
950
951
952
953
954
955
956
957
958
959
960
961
962
963
964
965
966
967
968
969
970
971
972
973
974
975
976
977
978
979
980
981
982
983
984
985
986
987
988
989
990
991
992
993
994
995
996
997
998
999
1000
1001
1002
1003
1004
1005
1006
1007
1008
1009
1010
1011
1012
1013
1014
1015
1016
1017
1018
1019
1020
1021
1022
1023
1024
1025
1026
1027
1028
1029
1030
1031
1032
1033
1034
1035
1036
1037
1038
1039
1040
1041
1042
1043
1044
1045
1046
1047
1048
1049
1050
1051
1052
1053
1054
1055
1056
1057
1058
1059
1060
1061
1062
1063
1064
1065
1066
1067
1068
1069
1070
1071
1072
1073
1074
1075
1076
1077
1078
1079
1080
1081
1082
1083
1084
1085
1086
1087
1088
1089
1090
1091
1092
1093
1094
1095
1096
1097
1098
1099
1100
1101
1102
1103
1104
1105
1106
1107
1108
1109
1110
1111
1112
1113
1114
1115
1116
1117
1118
1119
1120
1121
1122
1123
1124
1125
1126
1127
1128
1129
1130
1131
1132
1133
1134
1135
1136
1137
1138
1139
1140
1141
1142
1143
1144
1145
1146
1147
1148
1149
1150
1151
1152
1153
1154
1155
1156
1157
1158
1159
1160
1161
1162
1163
1164
1165
1166
1167
1168
1169
1170
1171
1172
1173
1174
1175
1176
1177
1178
1179
1180
1181
1182
1183
1184
1185
1186
1187
1188
1189
1190
1191
1192
1193
1194
1195
1196
1197
1198
1199
1200
1201
1202
1203
1204
1205
1206
1207
1208
1209
1210
1211
1212
1213
1214
1215
1216
1217
1218
1219
1220
1221
1222
1223
1224
1225
1226
1227
1228
1229
1230
1231
1232
1233
1234
1235
1236
1237
1238
1239
1240
1241
1242
1243
1244
1245
1246
1247
1248
1249
1250
1251
1252
1253
1254
1255
1256
1257
1258
1259
1260
1261
1262
1263
1264
1265
1266
1267
1268
1269
1270
1271
1272
1273
1274
1275
1276
1277
1278
1279
1280
1281
1282
1283
1284
1285
1286
1287
1288
1289
1290
1291
1292
1293
1294
1295
1296
1297
1298
1299
1300
1301
1302
1303
1304
1305
1306
1307
8.943786010297785 2.31296198440548 1.500279157486652
5.043844861343844 2.853734800535871 1.494366586964484
2.558777944289166 2.379250049016023 1.485662751135212
6.42554687114873 2.254703025632404 1.491723849980389
1.189344763103049 2.769398213077204 1.525398168803074
7.669940490120635 2.917756842017355 1.513732409857847
3.704854716138783 3.124102827323853 1.357650645541565
4.186057929914329 1.96600424165029 1.247225872749735
2.114830536376116 3.446212724408023 1.171172944322568
6.074903686842537 3.34007800607842 1.23242986576796
7.708673607840052 1.766440084909222 1.174818702111195
9.172872852371933 3.334453023565423 1.112935104041304
5.407324086160436 1.80059078752361 1.15890193003988
1.021499625193317 1.807591841448539 1.07060740715712
3.491815851008678 2.292583837304953 1.973406777578202
2.83395218502721 3.297981251232458 1.933651087800385
4.540601585816468 3.596957129369591 1.000195812395352
0.9691265771239568 3.679176794139793 1.044582967229173
9.583951691387185 2.959908256255943 1.976659992920628
6.784678183425233 3.195285085609114 1.970243266076817
0.6015485820682098 2.09599243012977 2.001499890592041
3.205489856110506 1.70608859925866 1.035775551178843
8.568703799301563 3.158140224054816 1.898982913664824
1.743956392846158 2.067579364306312 1.997169685452819
4.868941279450637 1.987187979026977 2.007510900734044
8.213496306597413 3.54905396048601 0.9734263556987334
1.989988205113928 1.788678784967672 0.9576577600474507
3.033260179406683 3.71395248171635 0.9527505359032512
7.031540223698865 3.530716014598825 1.074074836490234
9.363302617597345 1.480435916868787 1.119849374600326
7.279602958985932 2.134489490968298 2.002716236048184
9.670977045120351 1.83365499467553 2.01862435453311
8.230726320658736 1.852717065655165 2.013970207074692
5.857524056080458 2.835068531331057 2.050842480942859
6.786218826690196 1.521188295790281 0.9499655037093364
0.5754049582536658 3.431524303405183 1.9078749653666
1.892478871177177 3.150629689928544 2.058180539801504
4.277289515204148 2.833797466764456 2.069846462046561
5.800476599661748 1.897891385840073 2.096373408922651
8.479719217286446 1.345537421701502 0.8994972283086564
8.239479820704151 2.486571875968719 0.9163649972610844
3.052234050204321 2.776692278514118 0.8547237192168397
5.826274350405575 2.54794552241089 0.8912373524277246
4.426614894682681 2.729992310787573 0.8746003918943066
7.131776319902855 2.44781568446003 0.9214277686736269
5.397182032030059 3.78831177734903 0.8792104300458844
1.799397432906654 2.660460481719328 0.8784249743654865
4.703236330141926 1.383973993578333 0.8459896364531403
2.749140349817162 1.920152757945368 2.183936680940719
5.987650880725148 1.309924294353162 0.8036147274411765
9.42712049876816 2.473792155341718 0.8186902626109149
3.813296551418262 3.919298153604296 0.7894446755231016
0.2648648161832185 2.77680454196355 2.231151969051564
5.416569287349454 3.564013264086713 1.668563175098732
0.8148612198963998 2.906482062660997 0.8047384451271443
1.669115659033646 4.020286349256873 0.7993299705914012
8.022670256822778 2.623647124671793 2.190350135437646
3.64342800630701 3.384959330650715 2.158668645971276
3.897112394262323 1.381654225486591 0.7663654721072363
6.589285242070924 1.718509607236221 2.075272071825126
1.340321366877155 3.675808384456132 1.769857835444395
8.947940301646941 1.569989034329446 1.798302128894639
4.616752703043653 3.523169030383951 1.805775300090562
5.153516401540215 3.053695094810748 0.7421675471625101
7.540974779509187 3.357271021922157 2.167409392207626
3.728396664006528 2.391368614322384 0.7767323227876892
4.098964611725552 1.775825978958058 2.017869925233746
2.65672190043567 2.136271427988472 0.7233099005312624
7.765050634097155 1.148816497490829 0.737847782973403
2.481074284694516 2.656588986683226 2.215196983164329
5.123235385455899 3.106382993270717 2.228252170523725
2.558197120813055 1.600493708439458 1.456683394221999
1.184988065193004 2.533487253278066 2.263479135859934
6.560575893652456 2.488332362080489 2.229592882715123
0.5740988411075756 2.37916061338756 1.296541233475822
8.819165923718943 2.015052397058101 0.7565248500951814
9.749182683811027 2.387750106701824 1.502832860915103
8.787596992402731 2.49468747230401 2.239712004033314
6.398751850850037 3.885941032873649 0.7624789679519701
7.153235315253284 1.489791243661151 1.616885884293732
6.106791511596224 1.48568509386913 1.534563797619907
5.037186592736153 2.303196164219935 0.7259704259332922
8.828279868787071 3.874893310636933 0.7049508124539462
7.606640551156306 3.106622925930461 0.7583526818297216
10.07080511132759 2.427700348205899 2.300949919515844
0.7603870467518716 4.227349046012626 0.6697649526199179
6.575118004543619 2.979225310047578 0.7363593478523284
6.457265441269065 2.16575813233872 0.7457589252567779
2.410108754712936 4.059692216037994 0.7366523944307273
7.656848238575029 3.65326148837042 1.447558414347439
7.59268278800113 3.90926271580572 0.7406803034957904
3.447180450885635 1.601650331895581 1.723259080401093
4.015621243750958 3.772131949490395 1.472984158079608
1.50607428658816 3.310779971711788 0.7059494702503708
1.162234457497746 1.693167607352608 1.774393359569249
1.462571424680437 1.325931401724076 0.7230183961475685
2.587895575398707 1.381862574605523 0.7319333858103121
3.942923382796777 3.223250300173877 0.6909585632659491
5.588812565633974 2.379768240851443 1.555048049090947
6.123439359255051 3.508907858501075 1.943385650073969
3.310311723529516 3.737311436408271 1.617849619012205
8.651579974778517 3.040697305020399 0.7123588130644598
1.238451917028826 3.240036901711442 2.322364997243627
4.625739321111232 1.486966770478629 1.552772563889494
9.202207888743477 3.536119256813474 1.797318715605721
9.530750964785819 0.9716006619977031 0.655247926086127
0.07282101997940765 3.623718697989369 2.28843084207024
1.897999459206925 2.623299953701353 1.581463428239074
2.574617591222935 3.260071952027084 0.6721023909460834
8.388388647315528 1.907373986710672 1.323865170777991
7.00925904476777 2.642093642339749 1.590619289790538
2.262580187493699 3.718166863194317 1.819457634706597
7.206321592678073 2.756635604309099 2.328909362543865
3.140665463089595 2.766183300024303 1.585291706913313
5.354194568946755 2.407084977442643 2.314491127247046
9.774673231726323 3.365019658497 1.450665687930981
10.22407371317437 1.776245277869424 2.388397074421708
3.169884333821545 2.815459460783253 2.347952129841826
8.123426872634587 1.870312727710907 0.6384902604309383
0.7220639528786701 2.248451200585877 0.6412914858030981
0.7647372452587271 1.304317585345165 0.6548204952570088
5.328375775217946 1.150892483491979 0.650070650735492
7.839595790785559 2.26343673243935 1.628671608419464
5.319569070868738 1.515493199225026 1.781519069242675
0.4475312258091133 3.221155449054535 1.277738044364894
4.809698994213034 2.222736459322953 1.367040444476402
6.556520543729047 3.771915652432202 1.493149768949803
1.792062504644514 1.546295732478219 1.562129776245695
9.495521922446702 3.743358410104682 0.6746112025750211
10.00066839314401 3.337689921060892 2.36317921012706
8.707189326192076 3.729237520225765 1.38909822145513
3.96543213277868 2.529633644647568 1.55120649991576
0.0621212112459246 2.168482001094306 2.366540640597813
4.400207936162425 2.104248343580494 0.6217574654732794
0.4555020800570763 1.72137965300468 1.446826669412626
0.43859351355443 3.888980568095686 1.419759457828167
5.8026196499319 1.930373408469072 0.6349307009239296
8.077840461191316 1.352034125349906 1.574160341925042
7.625916423138989 1.560812129417887 2.095635668102186
1.400647406553632 2.164772178484793 0.6275082924147959
3.187073692845796 1.114004123063442 0.6788811711878869
9.067810080962008 3.175532327114355 2.346476985351456
9.916916681366462 1.470679784041628 1.505624498806573
6.540465487926648 1.009646307085672 0.6249945606394138
5.847167927601026 3.377705254318986 0.6059501733534514
4.417711179941593 4.139712236850754 0.6475754265408472
1.548667441509148 2.118315213003346 1.328567957817293
2.603789205631242 3.007559856272201 1.283038219599389
7.294834125299175 1.850242399303634 0.6428290698923683
9.416630371502247 2.327961149484679 2.388001845338595
8.373414073504794 2.63961615487089 1.542845697964408
1.211734440300722 1.889837960274661 2.401149678439062
4.00846510052598 2.318232017215866 2.387088322245126
4.349988015316719 3.048435142742909 1.441811152828704
6.336963185169245 2.886010716387414 1.615735241035475
3.424408011861089 2.241386218682793 1.330053628654511
4.966774488062152 3.906733798895869 1.365939831076977
3.243487283410814 4.225871423090727 0.6127820824066252
8.195136707537962 4.074650329090695 0.6127631060918105
5.872205623088518 4.176135849466299 0.5918900363246457
3.363185329241877 1.773686141056893 2.34633697423857
3.320105026246786 3.284449742786447 0.5833149433726394
3.963249323799139 1.383628234922276 1.406524468453279
1.819418938999189 2.589685914506998 2.36946533737401
7.170478728132589 0.9506305971249197 0.647721937378404
9.56104281799692 1.859791042441823 0.6174274740765052
4.270231656196427 3.426475275155383 2.357944374784772
2.598760323150381 3.975550190542465 1.341129130299645
7.688032755486196 2.358266868891737 0.6111767737793622
5.836873090522229 3.921939858427431 1.316333967958673
8.184784678743707 3.654051799789942 1.800207364164402
9.077143518166439 2.928166190919755 1.593209368276379
2.160291336177605 1.791807593356643 2.395293287701596
9.531791437961653 3.084373797200158 0.6388676544690119
4.713569802040715 2.482010528257761 2.400469660861756
1.807750629749435 3.952189669372633 1.424218908821233
6.990185998910472 4.10217042043629 0.6674858638308738
1.533802377858297 3.262281190688145 1.334396297095087
5.585534999428959 3.539788378500821 2.28111468253465
8.159117839091026 3.341349921478294 2.370398116952015
5.278650285246077 1.69142461241393 2.387256753190722
7.116996095852136 3.692710612373454 1.770956187707677
2.364030250131983 2.675982615460622 0.6142143556908768
2.038187067356866 1.114909695032031 0.5917356851897935
7.006707172428534 2.051700410695859 1.387541243301701
8.686931484238428 1.58648948468664 2.394392033885975
2.059245723219754 3.581338904375708 0.5735186905845491
0.6076494305224324 2.824408706396851 1.721259856296345
8.989702754591425 1.000197330816715 0.9529965210360312
5.643635452616989 2.989328695049645 1.495332932302627
5.064000754041152 4.227723522811599 0.6085838365645762
7.767405311448248 2.091930739304678 2.384647766172692
1.671019997233954 3.676391159023403 2.288785427362539
2.412926989845287 3.261879439206202 2.416206730720023
5.227251246505639 1.745253736467647 0.5821760611565099
3.112822513089078 3.580125972254072 2.406704851181793
6.319278310658625 3.105178758233003 2.391814171225472
7.110295088772397 1.698978223840516 2.407658617745057
5.994162618233654 2.373570517134348 2.426493306489378
7.566356141902427 1.180683146901192 1.305758110406232
4.607580605471943 3.2013674890169 0.5633168094951928
3.237791943712296 2.106141148569753 0.5955678929577102
8.542522059819998 3.159159487142791 1.291720360623533
0.6557800285541889 3.442360321960334 0.5948548973026581
4.325708723612149 1.01401634764773 0.5584093698130795
5.98031588236171 1.97158952073955 1.206365984018204
8.391855985717015 0.842664992415063 0.5583757374696179
8.64397338000518 1.174435542331374 1.456043715791613
5.615520325498851 1.2446973624639 1.276269617902174
3.761887941530762 2.862888160741516 2.427986722747546
2.980614012429339 1.983408041649765 1.636413907865764
6.640821637593874 1.227246232102257 1.451328330706363
8.968467351768281 1.461371221857638 0.5602615867288827
9.263347308829282 1.749554900318164 2.45348353965948
9.821645346058624 1.926028410647416 1.14265547038006
9.773350352383126 2.857878402234424 1.135640955599879
4.474127682356954 1.938786318704157 2.451095820942385
10.16141511971197 1.350236936516477 2.009950689502597
2.111917110771242 2.163391082019368 0.5369355683738677
1.09640400733714 2.451833280073004 1.042620513565385
4.372685718657594 2.28104719111102 1.894382914274312
8.866459367820614 2.559544411672809 0.9724863213838042
9.3713680176763 1.910798213564871 1.519413430698943
9.465885052665168 3.820349638729468 1.253262649270772
1.326757807874771 2.771795955653303 0.5403417018555359
0.9618951320905311 3.75752295164687 2.22202930026265
1.29809317165009 1.358704896862365 1.317581704938528
8.136375991665345 3.200214041874718 0.530245711252178
2.294486267816888 1.977113177785834 1.819326325993575
6.39314969286259 1.628052298947416 0.536130990438323
3.150394487585797 3.214439715274044 1.219850423031512
7.198295370242379 2.978083208408616 1.153672628306205
5.016848740384171 3.35458205094872 1.212900097205773
0.6570682543285434 2.428031177649932 2.469325636535927
3.415052785738253 4.086604639102088 1.171287897209289
0.9780145684132373 3.310549075385901 1.498678834168979
1.244341509016255 4.079183643032779 1.363219837999972
1.018516171326273 2.230505017999409 1.629409736368665
10.1540494335841 2.913869905924774 2.009537127582639
0.1476621599872027 1.68141743905884 2.001388373310991
3.42181847062173 1.232821093135705 1.28198627780801
7.068401362325418 3.261303700101805 0.5366302804430364
0.199675842017533 2.433389522371105 1.782875825556174
1.410919829830201 4.430444055466893 0.5304266684945809
3.873567768261032 1.899274619904759 0.5181415010863564
3.629629213972882 2.871638234914663 1.868607451389289
9.187845710982669 4.202226728750237 0.4916216687466886
6.162728684831281 1.622506448316567 2.462489249807462
0.5212461932884749 1.769014562858679 0.8344669452630129
9.874694322446357 1.013152457150516 1.133995071196581
0.668650731526947 3.309234747869641 2.484021763937847
9.470940730665147 1.306025664562557 1.852184597642064
7.020143706786951 3.486814868413695 2.443162911240485
2.031906748497207 4.379636295693346 0.5016815152765534
2.916796252390008 1.47426896238691 1.876958002348293
9.089524103896162 2.081544179934915 1.996480067759894
7.006430096760901 2.250294474062252 2.485107914113244
5.437899762936732 2.618643600691632 0.4932198807289093
4.967757947076263 3.631795663879505 0.553337163355012
2.809790282385569 3.857092816257141 1.852254506261757
2.942684104879976 2.423557321194024 1.988192650777602
8.042892633835894 2.984620204734215 1.09524416950474
9.06586185401412 3.387430826561791 0.5594065352605647
5.98391369777801 0.857483944012607 0.4900486751099364
2.369674829497107 3.012723450881353 1.794391751389957
4.984585096952189 3.668766769642448 2.228859702826138
2.183245124101362 2.30200609132265 1.075959329705332
7.640237384531017 2.487758088537493 1.154819440234064
2.195869278637018 1.283921008465518 1.14137466877592
4.264793243497385 3.629756978509361 0.5011097898346913
8.757188214826112 3.618005535404902 2.149040890360371
4.374753402303138 4.085923136111427 1.195183973463141
9.73381555127369 3.605687262987659 1.952643836472148
7.300306061427957 3.998682490856486 1.202311948480793
6.615644619548203 3.200589684297919 1.24767688833245
9.70057440980259 2.801017693945774 2.505127688217066
5.044754602925632 1.21755910260203 1.272830562014917
4.911015027116586 0.8670394454512942 0.4724524160550618
3.834250373904549 4.378219419957376 0.4994978475246098
6.327789192871871 2.649757649798468 1.111330483630711
-0.06634752064544465 3.131956245162044 2.48119806932184
1.181834039860451 3.862884535315796 0.5484121879920375
1.957802353330045 3.039137286047248 0.5033048713706837
4.088840079415553 3.35090391789844 1.828046040802157
8.331761402263655 2.213925427632715 2.450072878433835
4.583511036614666 1.52324893572323 2.102975999967772
0.6601046458391095 1.781026678778476 2.468437509809554
6.224864927795355 2.612011916728844 0.5085776604796112
8.561699386484918 2.966366972805217 2.416669194135525
6.040590584060821 2.344057566118596 1.877190515166448
2.8724228384441 1.227520663083692 1.186112117901589
0.7582141144316352 1.327186470506106 1.206414101564041
5.312158428755176 2.637689507683887 1.065381994038087
8.022301619516449 3.09107515564214 1.899550740884301
8.916048505931093 1.77601134100869 1.24214981737761
4.332048703990671 1.572023888356128 0.4779657246377891
8.47530013685668 1.336499857235423 1.953228334757887
4.984249543457232 2.517418685608005 1.924165321738703
3.420424924370753 1.591651971661697 0.5444802865980883
4.628061126528405 3.021195920502594 2.446688464530633
0.08237073667117373 3.202057460839973 1.943315747469715
8.590404743426207 2.541145900161482 0.5026865752598142
9.755551734843607 1.491395933908617 2.484388644276983
5.539999251157282 3.288661766471784 1.049550577881279
3.461354512039388 2.771421395081095 0.5057945232139283
1.115833483527116 1.706918920057725 0.5424507566635246
9.08309804054818 2.771049108946076 0.5200428730595816
2.177209099313724 1.625772494394932 0.4758382805660997
3.540580149186008 3.566663265487748 1.094772599801347
3.178752954311924 2.278105822947384 2.462634391930652
10.10081662555718 2.128392253575163 1.838976497352112
8.131161469022054 1.55028366170194 2.478629158430357
7.54511975425583 2.601829062936432 1.935648255103051
3.803684966381168 0.9219124823307466 0.5159604352464344
6.503754902130463 3.613824573562327 2.320472378093552
1.039474533843258 0.9390141856192926 0.4305332776951136
3.811978533748887 2.019146356160565 1.631773440243971
0.08990421613208177 3.926590898821042 1.836265992658742
8.426656135041689 3.630538086361066 0.4587741444420015
7.219490568604932 3.177459876896065 1.653302926486767
8.215335974216211 3.931666119355138 1.345456236194171
1.674619373425344 1.604035697245143 2.260853612152809
2.909325381990872 1.710113315435392 0.4669902411248967
4.038386465321076 2.732114138999364 0.5115936748611074
0.4553376418724518 3.844286320936972 0.8864182123360484
0.8666732527702247 3.98032998300957 1.73807511289739
6.543734000389877 1.747173977719014 1.370067585623595
3.703476606079422 1.901430780520301 1.025409838790464
1.530066339846128 2.777447862458665 1.936737402429934
7.062207868319493 1.108497336948598 1.145979797796451
2.459537073046759 2.218018049307675 2.522892702943427
4.899802879849767 1.859137503055372 0.9874327397697013
5.543468642735463 2.88449060251601 2.491159687273042
9.335779685975085 2.517356698758478 1.813340057673268
9.791550913306359 1.414040129447152 0.7942077998815937
0.6623693376581037 1.573677400541028 1.9151785739659
9.494994073058574 3.467713026097035 2.497228344995363
2.944069061853218 2.332435367697288 1.123894777720365
4.798147957259125 2.714989754866024 0.5027292037959631
9.178208225150829 1.095306741166026 1.450179824409557
4.299154096853577 1.124191533660782 1.081094864193426
6.375405770879827 3.418434977378076 0.4874866197499077
8.104028620734113 1.053456175553261 1.135578054102353
8.547444560397892 2.240319007974025 1.842956586700627
10.43575336677893 2.203734378063771 2.56134633231399
0.4714166531682537 4.3152251538755 1.079992925767615
5.221374242349584 2.006374524095916 1.615678396573202
6.788896245286264 2.53015775497708 0.4965412246233938
7.273782727400734 2.764187381574235 0.5093689774793284
2.758336302263985 3.484311029600097 1.44638971197144
3.947761141517068 2.754520618639806 1.080613670745586
0.7840324984664607 2.871401174546933 2.215187012038289
4.734255666180024 3.017300147104308 1.886273681047949
2.415220584942062 1.510977796221255 2.0309124800093
7.896378645479373 0.7356397281145777 0.4559088119347904
6.419905425656733 2.078910896909021 2.532885500749166
6.772513342386776 2.166519259486738 1.874427101381062
2.85259180922043 4.225454853179433 0.9591641691394042
5.954935760707661 1.396893677209881 2.032545925220108
2.917167987421969 3.589678120602552 0.4613472028453186
3.868847474310092 1.819778035879162 2.491012650976055
0.2326539648731766 2.749203078466369 1.383237102115382
8.920787291275357 0.7534223686534109 0.4742952875773893
7.714712161510469 1.594548576858036 0.4774022246154134
9.764367112848435 3.411932539040738 0.9467871658915242
2.515154466928925 3.76484383730039 2.283271173401592
7.539039881633747 1.837095242373824 1.66243788032429
6.791274168462911 4.074969781658567 1.144899347606458
3.895967472837546 3.818134437973484 1.987176057784542
2.095512764067426 2.928597233498685 1.210483194437078
6.319282688946534 1.036343396992431 1.092737832384478
4.099961569752923 3.385263520424029 1.149661725925673
1.2793623762592 2.934164531174293 1.027910869185263
8.16863365490428 1.350485628394259 0.4884796585525348
10.310950147524 2.838409426587099 2.491603959543283
8.072190408043157 2.683230910095138 0.4581919141669999
-0.1303624610250866 2.615775241381821 2.501914146374947
7.669402719979728 2.708776390915269 2.56523801478462
3.435463384009799 3.771417757341335 0.4782126444853124
3.297730158819248 3.235059087149195 1.722922051930551
1.816068742244066 3.500511392143213 1.690642940474007
3.447381118207459 2.725358889795915 1.172313149907205
1.663714521462395 1.738751406620509 0.4668084184445177
5.695793472467209 1.813378379018105 1.601997770351331
7.682235097366926 4.303623752317327 0.4382752292417767
2.565317580942831 0.9067084178037292 0.5053922321798866
2.055110303596603 4.225009242649457 1.067537778181949
2.82988344880534 2.579421023310652 0.4476036869790521
1.686048418393267 2.054083261487007 2.506618955673172
8.631598821189749 4.258742763526205 0.4507740943423982
9.820145766510473 2.051913937155993 2.545397362558472
9.305661828493696 2.024496377877971 1.026788583895592
4.593446028761499 2.626247170589052 1.5911850897189
9.32495099193444 2.588976285112392 1.304560904093273
1.9700703789107 3.04363102725036 2.553211285676082
5.65995719443183 1.479625363166207 0.4603721722514549
6.076610752777403 2.982911250620408 0.8245824277663196
7.375576869441026 1.425218492689601 0.9056810839648251
7.042704800698282 1.426022267535939 0.5217794457526488
10.05963708698238 2.795001878949332 1.536617804632181
4.961803357320998 2.059617560869636 2.548170417047352
1.156775184984735 4.34024173293952 0.9486803937897631
6.81423959585231 1.916722849973998 0.4711243788568645
8.560460541725712 1.727006606864196 0.4364136655565927
9.203401864842863 2.178558339284108 0.4887402539294041
5.378755589614995 2.829628600000016 1.893322701213516
7.738569867677789 3.504415149408775 0.4795869382985894
4.23010883696718 2.735189442589685 2.561068331875774
5.793126118137232 3.861772963769531 1.811732191687253
0.4355881778853889 2.588878639379002 0.8660606493030593
2.783895253236336 4.421022611067293 0.4881187280679896
9.125958113672306 2.712942251071117 2.551828091786621
0.135490073526665 3.514454529864458 1.555736558336232
8.509170248503642 4.121296453093913 0.9937852000925589
2.108153913520659 2.412338921587618 1.985163422076241
8.854072727765388 2.061874048752028 2.518048217692642
1.59366209445666 0.9356819540378887 0.4279270273633665
5.439663373772085 3.595449278659862 0.4094129402258463
$EndNodes
$Elements
7 6903 1 6903
2 1 2 490
1 1 9 340 
2 64 1 340 
3 27 2 348 
4 2 28 348 
5 36 3 339 
6 3 37 339 
7 55 4 347 
8 4 56 347 
9 9 10 164 
10 9 164 340 
11 10 11 292 
12 164 10 292 
13 11 12 155 
14 11 155 292 
15 12 13 324 
16 155 12 324 
17 13 14 288 
18 13 288 324 
19 14 15 149 
20 14 149 288 
21 15 16 313 
22 149 15 313 
23 16 17 343 
24 313 16 343 
25 17 18 150 
26 17 150 343 
27 18 19 333 
28 150 18 333 
29 19 20 352 
30 19 238 333 
31 238 19 352 
32 20 21 151 
33 20 151 352 
34 21 22 284 
35 151 21 284 
36 22 23 289 
37 284 22 289 
38 23 24 154 
39 23 154 289 
40 24 25 293 
41 154 24 293 
42 25 26 161 
43 25 161 293 
44 26 27 327 
45 161 26 327 
46 327 27 348 
47 28 29 165 
48 28 165 348 
49 29 30 309 
50 165 29 309 
51 30 31 157 
52 30 157 309 
53 31 32 317 
54 157 31 317 
55 32 33 153 
56 32 153 317 
57 33 34 261 
58 153 33 261 
59 34 35 162 
60 34 162 261 
61 35 36 278 
62 162 35 278 
63 278 36 339 
64 37 38 300 
65 37 300 339 
66 38 39 156 
67 38 156 300 
68 39 40 296 
69 156 39 296 
70 40 41 295 
71 40 295 296 
72 41 42 148 
73 41 148 295 
74 42 43 328 
75 148 42 328 
76 43 44 316 
77 43 316 328 
78 44 45 147 
79 44 147 316 
80 45 46 336 
81 147 45 336 
82 46 47 232 
83 46 232 336 
84 47 48 146 
85 47 146 232 
86 48 49 315 
87 146 48 315 
88 49 50 307 
89 49 307 315 
90 50 51 145 
91 50 145 307 
92 51 52 302 
93 145 51 302 
94 52 53 159 
95 52 159 302 
96 53 54 301 
97 159 53 301 
98 54 55 323 
99 301 54 323 
100 323 55 347 
101 56 57 163 
102 56 163 347 
103 57 58 166 
104 163 57 166 
105 58 59 158 
106 58 158 166 
107 59 60 258 
108 158 59 258 
109 60 61 152 
110 60 152 258 
111 61 62 320 
112 152 61 320 
113 62 63 160 
114 62 160 320 
115 63 64 306 
116 160 63 306 
117 306 64 340 
118 145 302 314 
119 307 145 344 
120 145 314 344 
121 232 146 326 
122 146 315 350 
123 326 146 350 
124 147 231 319 
125 231 147 336 
126 316 147 351 
127 147 319 351 
128 273 148 328 
129 148 273 334 
130 295 148 334 
131 149 244 288 
132 244 149 337 
133 149 313 337 
134 150 235 236 
135 235 150 333 
136 150 236 237 
137 150 237 343 
138 151 284 285 
139 151 285 310 
140 151 310 352 
141 152 254 299 
142 254 152 320 
143 258 152 299 
144 153 261 282 
145 153 282 353 
146 317 153 353 
147 289 154 290 
148 290 154 330 
149 154 293 330 
150 155 250 292 
151 250 155 342 
152 155 324 342 
153 156 296 354 
154 300 156 356 
155 321 156 354 
156 156 321 356 
157 157 234 309 
158 234 157 312 
159 312 157 317 
160 166 158 167 
161 167 158 168 
162 168 158 258 
163 159 301 341 
164 302 159 349 
165 308 159 341 
166 159 308 349 
167 160 306 338 
168 320 160 335 
169 335 160 338 
170 161 233 293 
171 233 161 329 
172 161 327 329 
173 261 162 262 
174 262 162 263 
175 263 162 278 
176 163 166 257 
177 163 257 323 
178 163 323 347 
179 164 292 325 
180 306 164 325 
181 164 306 340 
182 165 309 329 
183 327 165 329 
184 165 327 348 
185 166 167 257 
186 167 168 169 
187 167 169 226 
188 167 226 257 
189 169 168 170 
190 170 168 299 
191 168 258 299 
192 169 170 171 
193 169 171 259 
194 226 169 259 
195 171 170 172 
196 172 170 253 
197 253 170 299 
198 171 172 173 
199 171 173 209 
200 171 209 259 
201 173 172 174 
202 174 172 201 
203 201 172 253 
204 173 174 175 
205 173 175 291 
206 209 173 291 
207 175 174 176 
208 176 174 346 
209 174 201 346 
210 175 176 177 
211 175 177 178 
212 175 178 291 
213 177 176 322 
214 322 176 332 
215 332 176 346 
216 178 177 179 
217 179 177 180 
218 180 177 322 
219 178 179 204 
220 178 204 212 
221 178 212 291 
222 179 180 181 
223 179 181 280 
224 204 179 280 
225 181 180 182 
226 182 180 210 
227 210 180 322 
228 181 182 183 
229 181 183 184 
230 181 184 280 
231 183 182 206 
232 206 182 241 
233 182 210 241 
234 184 183 185 
235 185 183 303 
236 183 206 303 
237 184 185 186 
238 184 186 283 
239 280 184 283 
240 186 185 187 
241 187 185 188 
242 188 185 303 
243 186 187 208 
244 186 208 211 
245 186 211 283 
246 187 188 189 
247 187 189 281 
248 208 187 281 
249 189 188 190 
250 190 188 214 
251 214 188 303 
252 189 190 191 
253 189 191 192 
254 189 192 281 
255 191 190 304 
256 190 214 215 
257 190 215 304 
258 192 191 193 
259 193 191 194 
260 194 191 304 
261 192 193 276 
262 192 276 318 
263 281 192 318 
264 193 194 195 
265 193 195 196 
266 193 196 276 
267 195 194 297 
268 297 194 311 
269 194 304 311 
270 196 195 197 
271 197 195 198 
272 198 195 297 
273 196 197 271 
274 196 271 272 
275 196 272 276 
276 197 198 199 
277 197 199 200 
278 197 200 271 
279 199 198 202 
280 202 198 203 
281 203 198 297 
282 200 199 294 
283 199 202 205 
284 199 205 294 
285 271 200 359 
286 200 294 357 
287 200 357 359 
288 252 201 253 
289 201 252 358 
290 346 201 358 
291 202 203 298 
292 205 202 207 
293 207 202 298 
294 287 203 297 
295 203 287 331 
296 298 203 331 
297 212 204 213 
298 213 204 224 
299 224 204 280 
300 205 207 216 
301 205 216 218 
302 205 218 294 
303 239 206 241 
304 206 239 305 
305 303 206 305 
306 216 207 217 
307 217 207 225 
308 225 207 298 
309 211 208 219 
310 219 208 220 
311 220 208 281 
312 209 256 260 
313 256 209 291 
314 259 209 260 
315 241 210 242 
316 242 210 243 
317 243 210 322 
318 211 219 227 
319 211 227 255 
320 211 255 283 
321 212 213 228 
322 212 228 256 
323 212 256 291 
324 213 224 279 
325 228 213 229 
326 229 213 279 
327 215 214 221 
328 221 214 305 
329 214 303 305 
330 215 221 222 
331 215 222 223 
332 215 223 304 
333 216 217 312 
334 218 216 230 
335 230 216 312 
336 217 225 233 
337 217 233 234 
338 217 234 312 
339 218 230 353 
340 294 218 355 
341 218 353 355 
342 219 220 319 
343 227 219 231 
344 231 219 319 
345 277 220 318 
346 220 277 319 
347 220 281 318 
348 222 221 235 
349 235 221 236 
350 236 221 305 
351 223 222 310 
352 222 235 238 
353 222 238 310 
354 304 223 311 
355 223 310 345 
356 311 223 345 
357 224 255 279 
358 255 224 283 
359 224 280 283 
360 233 225 330 
361 225 298 360 
362 330 225 360 
363 257 226 341 
364 226 259 308 
365 226 308 341 
366 227 231 232 
367 227 232 326 
368 255 227 326 
369 228 229 344 
370 256 228 314 
371 314 228 344 
372 229 279 350 
373 307 229 315 
374 229 307 344 
375 315 229 350 
376 230 312 317 
377 230 317 353 
378 232 231 336 
379 234 233 329 
380 293 233 330 
381 309 234 329 
382 238 235 333 
383 237 236 239 
384 239 236 305 
385 237 239 240 
386 237 240 313 
387 237 313 343 
388 310 238 352 
389 240 239 241 
390 240 241 242 
391 240 242 337 
392 313 240 337 
393 242 243 244 
394 242 244 337 
395 244 243 245 
396 245 243 332 
397 243 322 332 
398 244 245 246 
399 244 246 288 
400 246 245 247 
401 247 245 248 
402 248 245 332 
403 246 247 342 
404 288 246 324 
405 324 246 342 
406 247 248 249 
407 247 249 250 
408 247 250 342 
409 249 248 358 
410 248 332 346 
411 248 346 358 
412 250 249 251 
413 251 249 252 
414 252 249 358 
415 250 251 325 
416 292 250 325 
417 251 252 335 
418 325 251 338 
419 251 335 338 
420 252 253 254 
421 252 254 335 
422 254 253 299 
423 254 320 335 
424 279 255 326 
425 260 256 314 
426 257 301 323 
427 301 257 341 
428 259 260 308 
429 308 260 349 
430 260 314 349 
431 261 262 282 
432 262 263 264 
433 262 264 265 
434 262 265 282 
435 264 263 321 
436 263 278 356 
437 321 263 356 
438 265 264 266 
439 266 264 267 
440 267 264 321 
441 265 266 357 
442 282 265 355 
443 355 265 357 
444 266 267 268 
445 266 268 359 
446 357 266 359 
447 268 267 269 
448 269 267 354 
449 267 321 354 
450 268 269 270 
451 268 270 271 
452 268 271 359 
453 270 269 334 
454 295 269 296 
455 269 295 334 
456 296 269 354 
457 271 270 272 
458 272 270 273 
459 273 270 334 
460 272 273 274 
461 272 274 276 
462 274 273 275 
463 275 273 328 
464 274 275 277 
465 276 274 318 
466 274 277 318 
467 277 275 351 
468 316 275 328 
469 275 316 351 
470 319 277 351 
471 300 278 339 
472 278 300 356 
473 279 326 350 
474 353 282 355 
475 285 284 286 
476 286 284 289 
477 285 286 287 
478 285 287 345 
479 310 285 345 
480 287 286 331 
481 286 289 290 
482 286 290 331 
483 287 297 311 
484 287 311 345 
485 290 330 360 
486 331 290 360 
487 294 355 357 
488 298 331 360 
489 314 302 349 
490 306 325 338 
2 2 2 324
491 5 65 478 
492 120 5 478 
493 87 6 488 
494 6 88 488 
495 92 7 475 
496 7 93 475 
497 115 8 483 
498 8 116 483 
499 65 66 382 
500 65 382 478 
501 66 67 361 
502 66 361 382 
503 67 68 443 
504 361 67 443 
505 68 69 375 
506 68 375 443 
507 69 70 460 
508 375 69 460 
509 70 71 372 
510 70 372 460 
511 71 72 453 
512 372 71 453 
513 72 73 450 
514 72 450 453 
515 73 74 371 
516 73 371 450 
517 74 75 449 
518 371 74 449 
519 75 76 448 
520 75 448 449 
521 76 77 370 
522 76 370 448 
523 77 78 464 
524 370 77 464 
525 78 79 423 
526 78 423 464 
527 79 80 369 
528 79 369 423 
529 80 81 444 
530 369 80 444 
531 81 82 439 
532 81 439 444 
533 82 83 368 
534 82 368 439 
535 83 84 440 
536 368 83 440 
537 84 85 376 
538 84 376 440 
539 85 86 481 
540 376 85 481 
541 86 87 379 
542 86 379 481 
543 379 87 488 
544 88 89 472 
545 88 472 488 
546 89 90 457 
547 89 457 472 
548 90 91 374 
549 90 374 457 
550 91 92 458 
551 374 91 458 
552 458 92 475 
553 93 94 380 
554 93 380 475 
555 94 95 471 
556 380 94 471 
557 95 96 367 
558 95 367 471 
559 96 97 467 
560 367 96 467 
561 97 98 465 
562 97 465 467 
563 98 99 366 
564 98 366 465 
565 99 100 455 
566 366 99 455 
567 100 101 446 
568 100 446 455 
569 101 102 365 
570 101 365 446 
571 102 103 474 
572 365 102 474 
573 103 104 442 
574 103 442 474 
575 104 105 364 
576 104 364 491 
577 442 104 491 
578 105 106 473 
579 364 105 473 
580 106 107 406 
581 106 406 473 
582 107 108 363 
583 107 363 487 
584 406 107 487 
585 108 109 470 
586 363 108 470 
587 109 110 405 
588 109 405 470 
589 110 111 362 
590 110 362 486 
591 405 110 486 
592 111 112 452 
593 362 111 452 
594 112 113 373 
595 112 373 452 
596 113 114 482 
597 373 113 482 
598 114 115 381 
599 114 381 482 
600 381 115 483 
601 116 117 468 
602 116 468 483 
603 117 118 377 
604 117 377 468 
605 118 119 477 
606 377 118 477 
607 119 120 378 
608 119 378 477 
609 378 120 478 
610 382 361 383 
611 383 361 384 
612 384 361 443 
613 362 392 486 
614 392 362 492 
615 362 452 492 
616 398 363 470 
617 363 398 487 
618 407 364 473 
619 364 407 491 
620 420 365 445 
621 365 420 446 
622 445 365 474 
623 447 366 462 
624 366 447 465 
625 366 455 462 
626 438 367 469 
627 367 438 471 
628 367 467 469 
629 427 368 429 
630 368 427 439 
631 429 368 440 
632 369 418 423 
633 418 369 424 
634 424 369 444 
635 370 415 454 
636 415 370 464 
637 448 370 454 
638 371 449 463 
639 450 371 451 
640 451 371 463 
641 441 372 456 
642 372 441 460 
643 372 453 456 
644 414 373 482 
645 373 414 489 
646 452 373 489 
647 457 374 485 
648 374 458 466 
649 374 466 485 
650 443 375 459 
651 459 375 461 
652 375 460 461 
653 437 376 481 
654 376 437 484 
655 440 376 484 
656 377 387 388 
657 387 377 477 
658 377 388 476 
659 468 377 476 
660 382 378 478 
661 378 382 490 
662 378 387 477 
663 387 378 490 
664 437 379 479 
665 379 437 481 
666 379 472 479 
667 472 379 488 
668 458 380 466 
669 380 458 475 
670 466 380 480 
671 380 471 480 
672 414 381 476 
673 381 414 482 
674 381 468 476 
675 468 381 483 
676 382 383 490 
677 383 384 385 
678 383 385 493 
679 490 383 493 
680 385 384 386 
681 386 384 459 
682 384 443 459 
683 385 386 389 
684 388 385 389 
685 385 388 493 
686 389 386 390 
687 390 386 391 
688 391 386 459 
689 388 387 493 
690 387 490 493 
691 388 389 414 
692 388 414 476 
693 389 390 489 
694 414 389 489 
695 390 391 392 
696 390 392 492 
697 489 390 492 
698 392 391 393 
699 393 391 461 
700 391 459 461 
701 392 393 394 
702 392 394 486 
703 394 393 395 
704 395 393 441 
705 441 393 461 
706 394 395 396 
707 394 396 405 
708 394 405 486 
709 396 395 397 
710 397 395 456 
711 395 441 456 
712 396 397 398 
713 396 398 470 
714 405 396 470 
715 398 397 399 
716 399 397 402 
717 402 397 456 
718 398 399 400 
719 398 400 487 
720 400 399 401 
721 401 399 451 
722 399 402 451 
723 400 401 403 
724 400 403 406 
725 400 406 487 
726 403 401 404 
727 404 401 463 
728 401 451 463 
729 402 450 451 
730 450 402 453 
731 453 402 456 
732 403 404 407 
733 406 403 473 
734 403 407 473 
735 407 404 408 
736 408 404 411 
737 411 404 463 
738 407 408 409 
739 407 409 491 
740 409 408 410 
741 410 408 454 
742 408 411 454 
743 409 410 412 
744 409 412 442 
745 409 442 491 
746 412 410 413 
747 413 410 415 
748 415 410 454 
749 448 411 449 
750 411 448 454 
751 449 411 463 
752 412 413 445 
753 442 412 474 
754 412 445 474 
755 413 415 416 
756 413 416 417 
757 413 417 445 
758 416 415 464 
759 417 416 418 
760 418 416 423 
761 423 416 464 
762 417 418 419 
763 417 419 420 
764 417 420 445 
765 419 418 424 
766 420 419 421 
767 421 419 422 
768 422 419 424 
769 420 421 446 
770 421 422 462 
771 446 421 455 
772 455 421 462 
773 422 424 425 
774 422 425 426 
775 422 426 462 
776 425 424 444 
777 426 425 427 
778 427 425 439 
779 439 425 444 
780 426 427 428 
781 426 428 447 
782 426 447 462 
783 428 427 429 
784 428 429 430 
785 428 430 431 
786 428 431 447 
787 430 429 432 
788 432 429 440 
789 431 430 469 
790 430 432 433 
791 430 433 469 
792 447 431 465 
793 465 431 467 
794 467 431 469 
795 433 432 434 
796 434 432 484 
797 432 440 484 
798 433 434 435 
799 433 435 438 
800 433 438 469 
801 435 434 436 
802 436 434 437 
803 437 434 484 
804 435 436 485 
805 438 435 480 
806 435 466 480 
807 466 435 485 
808 436 437 479 
809 457 436 479 
810 436 457 485 
811 471 438 480 
812 460 441 461 
813 452 489 492 
814 472 457 479 
2 3 2 352
815 1 9 613 
816 121 1 613 
817 27 2 614 
818 2 127 614 
819 126 65 5 
820 87 132 6 
821 9 10 602 
822 9 602 613 
823 10 11 506 
824 10 506 602 
825 11 12 601 
826 506 11 601 
827 12 13 498 
828 12 498 601 
829 13 14 640 
830 498 13 640 
831 14 15 615 
832 14 615 640 
833 15 16 497 
834 15 497 615 
835 16 17 639 
836 497 16 639 
837 17 18 616 
838 17 616 639 
839 18 19 496 
840 18 496 616 
841 19 20 638 
842 496 19 638 
843 20 21 617 
844 20 617 638 
845 21 22 494 
846 21 494 617 
847 22 23 637 
848 494 22 637 
849 23 24 620 
850 23 620 637 
851 24 25 495 
852 24 495 620 
853 25 26 599 
854 495 25 599 
855 26 27 511 
856 26 511 599 
857 511 27 614 
858 66 65 515 
859 65 126 515 
860 67 66 510 
861 510 66 515 
862 68 67 516 
863 67 510 516 
864 69 68 499 
865 499 68 516 
866 70 69 592 
867 69 499 592 
868 71 70 505 
869 505 70 592 
870 72 71 600 
871 71 505 600 
872 73 72 501 
873 501 72 600 
874 74 73 596 
875 73 501 596 
876 75 74 595 
877 595 74 596 
878 76 75 502 
879 502 75 595 
880 77 76 577 
881 76 502 577 
882 78 77 578 
883 77 577 578 
884 79 78 504 
885 504 78 578 
886 80 79 593 
887 79 504 593 
888 81 80 503 
889 503 80 593 
890 82 81 594 
891 81 503 594 
892 83 82 612 
893 82 594 612 
894 84 83 500 
895 500 83 612 
896 85 84 573 
897 84 500 573 
898 86 85 509 
899 509 85 573 
900 87 86 514 
901 86 509 514 
902 132 87 514 
903 122 121 605 
904 605 121 613 
905 123 122 508 
906 508 122 605 
907 124 123 618 
908 123 508 618 
909 125 124 513 
910 513 124 618 
911 126 125 515 
912 125 513 515 
913 127 128 606 
914 127 606 614 
915 128 129 507 
916 128 507 606 
917 129 130 611 
918 507 129 611 
919 130 131 512 
920 130 512 611 
921 131 132 514 
922 512 131 514 
923 586 494 622 
924 494 586 631 
925 617 494 631 
926 622 494 637 
927 495 599 632 
928 620 495 630 
929 630 495 632 
930 591 496 623 
931 496 591 629 
932 616 496 629 
933 623 496 638 
934 585 497 624 
935 497 585 626 
936 615 497 626 
937 624 497 639 
938 582 498 625 
939 498 582 636 
940 601 498 636 
941 625 498 640 
942 499 516 517 
943 499 517 518 
944 499 518 592 
945 500 565 573 
946 565 500 574 
947 574 500 612 
948 564 501 600 
949 501 564 604 
950 596 501 604 
951 577 502 608 
952 502 595 597 
953 502 597 608 
954 563 503 593 
955 503 563 603 
956 594 503 603 
957 504 578 579 
958 504 579 609 
959 593 504 609 
960 505 592 598 
961 505 598 607 
962 600 505 607 
963 506 601 634 
964 602 506 633 
965 633 506 634 
966 507 567 568 
967 567 507 611 
968 507 568 641 
969 606 507 641 
970 571 508 610 
971 508 571 618 
972 576 508 605 
973 508 576 610 
974 514 509 619 
975 566 509 573 
976 509 566 619 
977 510 515 621 
978 516 510 569 
979 569 510 621 
980 599 511 627 
981 511 614 628 
982 627 511 628 
983 512 514 619 
984 512 567 611 
985 567 512 619 
986 515 513 621 
987 571 513 618 
988 513 571 621 
989 517 516 569 
990 518 517 519 
991 519 517 570 
992 517 569 570 
993 518 519 520 
994 518 520 598 
995 592 518 598 
996 520 519 521 
997 521 519 552 
998 552 519 570 
999 520 521 522 
1000 520 522 523 
1001 520 523 598 
1002 522 521 561 
1003 521 552 575 
1004 561 521 575 
1005 523 522 524 
1006 524 522 582 
1007 522 561 582 
1008 523 524 525 
1009 523 525 607 
1010 598 523 607 
1011 525 524 526 
1012 526 524 580 
1013 580 524 582 
1014 525 526 527 
1015 525 527 564 
1016 525 564 607 
1017 527 526 528 
1018 528 526 553 
1019 553 526 580 
1020 527 528 529 
1021 527 529 604 
1022 564 527 604 
1023 529 528 530 
1024 530 528 585 
1025 528 553 585 
1026 529 530 531 
1027 529 531 558 
1028 529 558 604 
1029 531 530 532 
1030 532 530 583 
1031 583 530 585 
1032 531 532 533 
1033 531 533 597 
1034 558 531 597 
1035 533 532 534 
1036 534 532 554 
1037 554 532 583 
1038 533 534 535 
1039 533 535 608 
1040 597 533 608 
1041 535 534 536 
1042 536 534 591 
1043 534 554 591 
1044 535 536 537 
1045 535 537 557 
1046 535 557 608 
1047 537 536 538 
1048 538 536 589 
1049 589 536 591 
1050 537 538 539 
1051 537 539 579 
1052 557 537 579 
1053 539 538 540 
1054 540 538 556 
1055 556 538 589 
1056 539 540 541 
1057 539 541 609 
1058 579 539 609 
1059 541 540 542 
1060 542 540 586 
1061 540 556 586 
1062 541 542 543 
1063 541 543 563 
1064 541 563 609 
1065 543 542 544 
1066 544 542 587 
1067 542 586 587 
1068 543 544 545 
1069 543 545 603 
1070 563 543 603 
1071 545 544 546 
1072 546 544 559 
1073 559 544 587 
1074 545 546 547 
1075 545 547 555 
1076 545 555 603 
1077 547 546 548 
1078 548 546 572 
1079 546 559 572 
1080 547 548 549 
1081 547 549 574 
1082 555 547 574 
1083 549 548 550 
1084 550 548 560 
1085 560 548 572 
1086 549 550 551 
1087 549 551 565 
1088 549 565 574 
1089 551 550 568 
1090 550 560 562 
1091 550 562 568 
1092 565 551 566 
1093 566 551 567 
1094 567 551 568 
1095 552 570 610 
1096 575 552 576 
1097 576 552 610 
1098 553 580 581 
1099 553 581 626 
1100 585 553 626 
1101 554 583 584 
1102 554 584 629 
1103 591 554 629 
1104 555 574 612 
1105 555 594 603 
1106 594 555 612 
1107 586 556 631 
1108 556 589 590 
1109 556 590 631 
1110 577 557 578 
1111 557 577 608 
1112 578 557 579 
1113 558 595 596 
1114 595 558 597 
1115 558 596 604 
1116 572 559 630 
1117 559 587 588 
1118 559 588 630 
1119 562 560 627 
1120 560 572 632 
1121 627 560 632 
1122 561 575 634 
1123 582 561 636 
1124 561 634 636 
1125 568 562 641 
1126 562 627 628 
1127 562 628 641 
1128 563 593 609 
1129 564 600 607 
1130 565 566 573 
1131 566 567 619 
1132 570 569 571 
1133 571 569 621 
1134 570 571 610 
1135 572 630 632 
1136 575 576 633 
1137 575 633 634 
1138 576 605 635 
1139 633 576 635 
1140 581 580 625 
1141 580 582 625 
1142 581 615 626 
1143 615 581 640 
1144 581 625 640 
1145 584 583 624 
1146 583 585 624 
1147 584 616 629 
1148 616 584 639 
1149 584 624 639 
1150 587 586 622 
1151 588 587 622 
1152 588 620 630 
1153 620 588 637 
1154 588 622 637 
1155 590 589 623 
1156 589 591 623 
1157 590 617 631 
1158 617 590 638 
1159 590 623 638 
1160 599 627 632 
1161 634 601 636 
1162 613 602 635 
1163 602 633 635 
1164 605 613 635 
1165 614 606 628 
1166 628 606 641 
2 4 2 128
1167 2 28 127 
1168 36 3 133 
1169 88 6 682 
1170 6 132 682 
1171 7 92 684 
1172 138 7 684 
1173 28 29 651 
1174 127 28 651 
1175 29 30 647 
1176 29 647 651 
1177 30 31 666 
1178 647 30 666 
1179 31 32 643 
1180 31 643 666 
1181 32 33 655 
1182 643 32 655 
1183 33 34 646 
1184 33 646 655 
1185 34 35 689 
1186 646 34 689 
1187 35 36 652 
1188 35 652 689 
1189 36 133 652 
1190 89 88 648 
1191 648 88 682 
1192 90 89 675 
1193 89 648 675 
1194 91 90 642 
1195 642 90 675 
1196 92 91 690 
1197 91 642 690 
1198 684 92 690 
1199 128 127 651 
1200 129 128 650 
1201 650 128 651 
1202 130 129 674 
1203 129 650 674 
1204 131 130 644 
1205 644 130 674 
1206 132 131 673 
1207 131 644 673 
1208 132 673 682 
1209 133 134 652 
1210 134 135 649 
1211 134 649 652 
1212 135 136 679 
1213 649 135 679 
1214 136 137 645 
1215 136 645 679 
1216 137 138 671 
1217 645 137 671 
1218 671 138 684 
1219 642 675 683 
1220 642 683 687 
1221 642 687 690 
1222 643 655 656 
1223 643 656 657 
1224 643 657 666 
1225 665 644 674 
1226 644 665 691 
1227 673 644 691 
1228 669 645 671 
1229 645 669 678 
1230 645 678 679 
1231 646 653 685 
1232 653 646 689 
1233 655 646 670 
1234 670 646 685 
1235 651 647 686 
1236 647 666 667 
1237 647 667 686 
1238 675 648 681 
1239 681 648 688 
1240 648 682 688 
1241 652 649 653 
1242 653 649 654 
1243 654 649 679 
1244 650 651 686 
1245 674 650 680 
1246 680 650 686 
1247 652 653 689 
1248 653 654 685 
1249 677 654 678 
1250 654 677 685 
1251 678 654 679 
1252 656 655 670 
1253 657 656 658 
1254 658 656 659 
1255 659 656 670 
1256 657 658 676 
1257 666 657 667 
1258 667 657 676 
1259 658 659 660 
1260 658 660 661 
1261 658 661 676 
1262 660 659 662 
1263 662 659 677 
1264 659 670 677 
1265 661 660 663 
1266 660 662 668 
1267 663 660 668 
1268 661 663 664 
1269 661 664 665 
1270 661 665 676 
1271 668 662 669 
1272 669 662 678 
1273 662 677 678 
1274 664 663 681 
1275 663 668 683 
1276 681 663 683 
1277 665 664 691 
1278 664 681 688 
1279 664 688 691 
1280 665 674 680 
1281 676 665 680 
1282 667 676 680 
1283 667 680 686 
1284 668 669 687 
1285 683 668 687 
1286 669 671 672 
1287 669 672 687 
1288 677 670 685 
1289 672 671 684 
1290 672 684 690 
1291 687 672 690 
1292 682 673 688 
1293 688 673 691 
1294 675 681 683 
2 5 2 352
1295 3 37 811 
1296 133 3 811 
1297 55 4 813 
1298 4 139 813 
1299 138 93 7 
1300 8 115 144 
1301 37 38 793 
1302 37 793 811 
1303 38 39 704 
1304 38 704 793 
1305 39 40 794 
1306 704 39 794 
1307 40 41 696 
1308 40 696 794 
1309 41 42 836 
1310 696 41 836 
1311 42 43 812 
1312 42 812 836 
1313 43 44 695 
1314 43 695 812 
1315 44 45 835 
1316 695 44 835 
1317 45 46 814 
1318 45 814 835 
1319 46 47 694 
1320 46 694 814 
1321 47 48 832 
1322 694 47 832 
1323 48 49 815 
1324 48 815 832 
1325 49 50 692 
1326 49 692 815 
1327 50 51 830 
1328 692 50 830 
1329 51 52 816 
1330 51 816 830 
1331 52 53 693 
1332 52 693 816 
1333 53 54 792 
1334 693 53 792 
1335 54 55 709 
1336 54 709 792 
1337 709 55 813 
1338 94 93 713 
1339 93 138 713 
1340 95 94 708 
1341 708 94 713 
1342 96 95 714 
1343 95 708 714 
1344 97 96 697 
1345 697 96 714 
1346 98 97 767 
1347 97 697 767 
1348 99 98 703 
1349 703 98 767 
1350 100 99 800 
1351 99 703 800 
1352 101 100 699 
1353 699 100 800 
1354 102 101 805 
1355 101 699 805 
1356 103 102 790 
1357 790 102 805 
1358 104 103 700 
1359 700 103 790 
1360 105 104 797 
1361 104 700 797 
1362 106 105 789 
1363 789 105 797 
1364 107 106 702 
1365 702 106 789 
1366 108 107 791 
1367 107 702 791 
1368 109 108 701 
1369 701 108 791 
1370 110 109 788 
1371 109 701 788 
1372 111 110 810 
1373 110 788 810 
1374 112 111 698 
1375 698 111 810 
1376 113 112 770 
1377 112 698 770 
1378 114 113 707 
1379 707 113 770 
1380 115 114 712 
1381 114 707 712 
1382 144 115 712 
1383 134 133 796 
1384 796 133 811 
1385 135 134 706 
1386 706 134 796 
1387 136 135 817 
1388 135 706 817 
1389 137 136 711 
1390 711 136 817 
1391 138 137 713 
1392 137 711 713 
1393 139 140 798 
1394 139 798 813 
1395 140 141 705 
1396 140 705 798 
1397 141 142 809 
1398 705 141 809 
1399 142 143 710 
1400 142 710 809 
1401 143 144 712 
1402 710 143 712 
1403 815 692 826 
1404 692 819 826 
1405 819 692 830 
1406 693 792 825 
1407 816 693 824 
1408 824 693 825 
1409 814 694 827 
1410 694 820 827 
1411 820 694 832 
1412 812 695 828 
1413 695 823 828 
1414 823 695 835 
1415 794 696 834 
1416 696 829 834 
1417 829 696 836 
1418 697 714 715 
1419 697 715 716 
1420 697 716 767 
1421 698 763 770 
1422 763 698 771 
1423 771 698 810 
1424 762 699 800 
1425 699 762 804 
1426 699 804 805 
1427 700 790 803 
1428 797 700 802 
1429 802 700 803 
1430 761 701 791 
1431 701 761 801 
1432 788 701 801 
1433 702 789 799 
1434 791 702 806 
1435 702 799 806 
1436 703 767 795 
1437 703 795 807 
1438 800 703 807 
1439 793 704 831 
1440 704 794 833 
1441 831 704 833 
1442 705 765 768 
1443 765 705 809 
1444 705 768 838 
1445 798 705 838 
1446 773 706 796 
1447 706 773 808 
1448 775 706 808 
1449 706 775 817 
1450 712 707 818 
1451 764 707 770 
1452 707 764 818 
1453 708 713 821 
1454 714 708 766 
1455 766 708 821 
1456 792 709 822 
1457 709 813 837 
1458 822 709 837 
1459 710 712 818 
1460 710 765 809 
1461 765 710 818 
1462 713 711 821 
1463 775 711 817 
1464 711 775 821 
1465 715 714 766 
1466 716 715 717 
1467 717 715 774 
1468 715 766 774 
1469 716 717 718 
1470 716 718 795 
1471 767 716 795 
1472 718 717 719 
1473 719 717 752 
1474 752 717 774 
1475 718 719 720 
1476 718 720 721 
1477 718 721 795 
1478 720 719 759 
1479 719 752 772 
1480 759 719 772 
1481 721 720 722 
1482 722 720 778 
1483 720 759 778 
1484 721 722 723 
1485 721 723 807 
1486 795 721 807 
1487 723 722 724 
1488 724 722 776 
1489 776 722 778 
1490 723 724 725 
1491 723 725 762 
1492 723 762 807 
1493 725 724 726 
1494 726 724 750 
1495 750 724 776 
1496 725 726 727 
1497 725 727 804 
1498 762 725 804 
1499 727 726 728 
1500 728 726 781 
1501 726 750 781 
1502 727 728 729 
1503 727 729 757 
1504 727 757 804 
1505 729 728 730 
1506 730 728 779 
1507 779 728 781 
1508 729 730 731 
1509 729 731 803 
1510 757 729 803 
1511 731 730 732 
1512 732 730 751 
1513 751 730 779 
1514 731 732 733 
1515 731 733 802 
1516 731 802 803 
1517 733 732 734 
1518 734 732 787 
1519 732 751 787 
1520 733 734 735 
1521 733 735 756 
1522 733 756 802 
1523 735 734 736 
1524 736 734 785 
1525 785 734 787 
1526 735 736 737 
1527 735 737 799 
1528 756 735 799 
1529 737 736 738 
1530 738 736 753 
1531 753 736 785 
1532 737 738 739 
1533 737 739 806 
1534 799 737 806 
1535 739 738 740 
1536 740 738 782 
1537 738 753 782 
1538 739 740 741 
1539 739 741 761 
1540 739 761 806 
1541 741 740 742 
1542 742 740 783 
1543 740 782 783 
1544 741 742 743 
1545 741 743 801 
1546 761 741 801 
1547 743 742 744 
1548 744 742 755 
1549 755 742 783 
1550 743 744 745 
1551 743 745 754 
1552 743 754 801 
1553 745 744 746 
1554 746 744 769 
1555 744 755 769 
1556 745 746 747 
1557 745 747 771 
1558 754 745 771 
1559 747 746 748 
1560 748 746 758 
1561 758 746 769 
1562 747 748 749 
1563 747 749 763 
1564 747 763 771 
1565 749 748 768 
1566 748 758 760 
1567 748 760 768 
1568 763 749 764 
1569 764 749 765 
1570 765 749 768 
1571 750 776 777 
1572 750 777 828 
1573 781 750 828 
1574 751 779 780 
1575 751 780 827 
1576 787 751 827 
1577 772 752 773 
1578 773 752 808 
1579 752 774 808 
1580 782 753 826 
1581 753 785 786 
1582 753 786 826 
1583 754 771 810 
1584 754 788 801 
1585 788 754 810 
1586 769 755 824 
1587 755 783 784 
1588 755 784 824 
1589 756 789 797 
1590 789 756 799 
1591 756 797 802 
1592 790 757 803 
1593 757 790 805 
1594 804 757 805 
1595 760 758 822 
1596 758 769 825 
1597 822 758 825 
1598 759 772 833 
1599 778 759 834 
1600 759 833 834 
1601 768 760 838 
1602 760 822 837 
1603 760 837 838 
1604 761 791 806 
1605 762 800 807 
1606 763 764 770 
1607 764 765 818 
1608 774 766 775 
1609 775 766 821 
1610 769 824 825 
1611 772 773 831 
1612 772 831 833 
1613 773 796 839 
1614 831 773 839 
1615 774 775 808 
1616 777 776 829 
1617 776 778 829 
1618 777 812 828 
1619 812 777 836 
1620 777 829 836 
1621 829 778 834 
1622 780 779 823 
1623 779 781 823 
1624 780 814 827 
1625 814 780 835 
1626 780 823 835 
1627 823 781 828 
1628 783 782 819 
1629 819 782 826 
1630 784 783 819 
1631 784 816 824 
1632 816 784 830 
1633 784 819 830 
1634 786 785 820 
1635 785 787 820 
1636 786 815 826 
1637 815 786 832 
1638 786 820 832 
1639 820 787 827 
1640 792 822 825 
1641 811 793 839 
1642 793 831 839 
1643 833 794 834 
1644 796 811 839 
1645 813 798 837 
1646 837 798 838 
2 6 2 128
1647 1 121 64 
1648 4 56 139 
1649 5 120 881 
1650 126 5 881 
1651 116 8 879 
1652 8 144 879 
1653 56 57 852 
1654 139 56 852 
1655 57 58 845 
1656 57 845 852 
1657 58 59 863 
1658 845 58 863 
1659 59 60 841 
1660 59 841 863 
1661 60 61 853 
1662 841 60 853 
1663 61 62 844 
1664 61 844 853 
1665 62 63 885 
1666 844 62 885 
1667 63 64 849 
1668 63 849 885 
1669 64 121 849 
1670 117 116 846 
1671 846 116 879 
1672 118 117 874 
1673 117 846 874 
1674 119 118 840 
1675 840 118 874 
1676 120 119 887 
1677 119 840 887 
1678 881 120 887 
1679 121 122 849 
1680 122 123 847 
1681 122 847 849 
1682 123 124 877 
1683 847 123 877 
1684 124 125 843 
1685 124 843 877 
1686 125 126 871 
1687 843 125 871 
1688 871 126 881 
1689 140 139 852 
1690 141 140 848 
1691 848 140 852 
1692 142 141 869 
1693 141 848 869 
1694 143 142 842 
1695 842 142 869 
1696 144 143 868 
1697 143 842 868 
1698 144 868 879 
1699 840 874 880 
1700 840 880 883 
1701 840 883 887 
1702 841 853 854 
1703 841 854 855 
1704 841 855 863 
1705 867 842 869 
1706 842 867 888 
1707 868 842 888 
1708 866 843 871 
1709 843 866 876 
1710 843 876 877 
1711 844 850 882 
1712 850 844 885 
1713 853 844 873 
1714 873 844 882 
1715 852 845 884 
1716 845 863 864 
1717 845 864 884 
1718 874 846 878 
1719 878 846 889 
1720 846 879 889 
1721 849 847 850 
1722 850 847 851 
1723 851 847 877 
1724 848 852 884 
1725 869 848 886 
1726 848 884 886 
1727 849 850 885 
1728 850 851 882 
1729 870 851 876 
1730 851 870 882 
1731 876 851 877 
1732 854 853 873 
1733 855 854 856 
1734 856 854 857 
1735 857 854 873 
1736 855 856 875 
1737 863 855 864 
1738 864 855 875 
1739 856 857 858 
1740 856 858 859 
1741 856 859 875 
1742 858 857 860 
1743 860 857 870 
1744 870 857 873 
1745 859 858 861 
1746 858 860 865 
1747 861 858 865 
1748 859 861 862 
1749 859 862 867 
1750 859 867 875 
1751 865 860 866 
1752 866 860 876 
1753 860 870 876 
1754 862 861 878 
1755 861 865 880 
1756 878 861 880 
1757 867 862 888 
1758 862 878 889 
1759 888 862 889 
1760 864 875 886 
1761 884 864 886 
1762 865 866 883 
1763 880 865 883 
1764 866 871 872 
1765 866 872 883 
1766 867 869 886 
1767 875 867 886 
1768 879 868 889 
1769 868 888 889 
1770 870 873 882 
1771 872 871 881 
1772 872 881 887 
1773 883 872 887 
1774 874 878 880 
3 1 4 5129
1775 563 969 949 1087 
1776 504 1087 949 1137 
1777 968 1016 728 1059 
1778 728 1016 968 1257 
1779 579 949 1101 1248 
1780 996 1115 925 1207 
1781 979 1151 1060 1183 
1782 909 1086 1002 1142 
1783 915 1060 979 1151 
1784 175 178 291 1277 
1785 978 998 917 1057 
1786 945 907 1067 1126 
1787 898 998 978 1057 
1788 916 903 985 1116 
1789 916 1036 903 1116 
1790 893 970 949 1179 
1791 807 954 979 1060 
1792 391 1053 992 1284 
1793 258 944 841 1299 
1794 916 985 903 1272 
1795 275 968 828 1049 
1796 944 1093 983 1114 
1797 916 903 1029 1272 
1798 736 982 1124 1161 
1799 579 949 609 1101 
1800 736 1124 941 1161 
1801 990 1085 947 1258 
1802 939 1011 589 1098 
1803 928 949 970 1179 
1804 764 1115 996 1207 
1805 1036 1118 916 1156 
1806 962 992 391 1053 
1807 679 1005 817 1113 
1808 609 949 563 969 
1809 420 1002 1086 1142 
1810 915 1092 1060 1151 
1811 504 423 1087 1137 
1812 258 152 944 1299 
1813 945 1067 1065 1126 
1814 305 1084 1023 1185 
1815 916 1036 1017 1118 
1816 983 1093 168 1114 
1817 916 1029 903 1036 
1818 1060 1151 1092 1183 
1819 917 1057 998 1239 
1820 275 828 968 1066 
1821 972 991 901 1092 
1822 941 1124 982 1161 
1823 952 735 1046 1161 
1824 944 168 1093 1114 
1825 951 1075 565 1103 
1826 521 985 1116 1158 
1827 898 998 1057 1239 
1828 771 1065 1001 1082 
1829 600 505 453 938 
1830 957 961 916 986 
1831 392 391 992 1284 
1832 972 901 1020 1092 
1833 420 1002 963 1086 
1834 945 907 983 1067 
1835 1066 1131 968 1231 
1836 474 1086 1068 1204 
1837 733 952 735 1046 
1838 372 453 505 938 
1839 730 751 779 1049 
1840 589 1011 939 1153 
1841 464 1070 928 1137 
1842 305 303 1023 1084 
1843 970 1101 949 1248 
1844 752 1020 972 1113 
1845 915 991 972 1092 
1846 382 871 872 1022 
1847 735 982 952 1258 
1848 911 961 957 986 
1849 935 1049 730 1059 
1850 609 563 949 1087 
1851 464 415 928 1070 
1852 806 1085 990 1258 
1853 817 1005 679 1162 
1854 951 1103 565 1141 
1855 730 935 751 1049 
1856 1007 1083 396 1085 
1857 925 1207 1115 1215 
1858 604 981 956 1052 
1859 206 305 1023 1185 
1860 902 971 932 1026 
1861 915 972 1020 1092 
1862 730 732 935 1046 
1863 956 981 604 1050 
1864 1001 1082 1065 1270 
1865 961 1017 523 1243 
1866 993 1052 558 1175 
1867 728 1049 968 1059 
1868 523 1017 961 1158 
1869 656 940 1104 1105 
1870 258 841 853 1299 
1871 900 999 930 1012 
1872 930 900 1012 1157 
1873 609 949 969 1101 
1874 956 558 1052 1175 
1875 206 305 303 1023 
1876 992 1125 950 1218 
1877 656 940 643 1104 
1878 980 1066 270 1131 
1879 956 1050 604 1250 
1880 818 764 996 1207 
1881 932 971 902 1182 
1882 956 1052 993 1175 
1883 730 1046 935 1059 
1884 656 1104 966 1105 
1885 736 738 941 1124 
1886 916 961 957 1156 
1887 281 1147 1177 1286 
1888 935 1046 732 1080 
1889 968 1049 1034 1059 
1890 906 933 1090 1122 
1891 822 975 709 1133 
1892 952 982 735 1161 
1893 305 937 1011 1084 
1894 918 979 973 980 
1895 973 979 915 980 
1896 415 1004 928 1070 
1897 730 1049 779 1059 
1898 936 1029 253 1108 
1899 891 1015 933 1182 
1900 968 1066 918 1131 
1901 775 817 1005 1113 
1902 933 906 1043 1122 
1903 853 60 841 258 
1904 728 726 1016 1257 
1905 911 957 961 1227 
1906 515 1022 382 1176 
1907 945 169 1076 1171 
1908 894 944 964 1077 
1909 891 933 1043 1122 
1910 258 853 152 1299 
1911 502 1175 1106 1290 
1912 894 992 1125 1241 
1913 603 1028 1027 1089 
1914 577 1070 464 1137 
1915 736 982 738 1124 
1916 188 1084 1026 1147 
1917 604 956 558 1052 
1918 837 709 822 975 
1919 515 1129 1022 1176 
1920 728 781 968 1049 
1921 281 1147 189 1177 
1922 735 952 756 1258 
1923 751 935 732 1080 
1924 996 1115 707 1140 
1925 979 895 1151 1183 
1926 1012 1074 1000 1157 
1927 695 828 823 316 
1928 521 561 985 1158 
1929 153 643 655 940 
1930 1068 1086 989 1204 
1931 529 604 558 1052 
1932 751 730 732 935 
1933 201 936 253 1108 
1934 520 1017 523 1158 
1935 520 523 1017 1243 
1936 966 1104 940 1105 
1937 940 1055 643 1104 
1938 1000 1012 920 1074 
1939 1038 1058 198 1238 
1940 464 928 415 1137 
1941 787 1080 1046 1161 
1942 502 1070 1175 1290 
1943 558 993 531 1052 
1944 807 979 721 1060 
1945 482 996 707 1140 
1946 950 1125 1067 1218 
1947 60 853 152 258 
1948 1068 1086 474 1222 
1949 1000 1121 934 1169 
1950 190 1147 1026 1177 
1951 579 1101 539 1248 
1952 877 1024 618 1181 
1953 1046 1080 906 1161 
1954 236 1011 937 1167 
1955 539 1101 970 1248 
1956 807 795 954 1060 
1957 236 305 937 1011 
1958 169 945 226 1171 
1959 980 1163 979 1210 
1960 817 775 1005 1162 
1961 934 1038 1237 1238 
1962 561 1073 985 1158 
1963 897 1015 933 1282 
1964 894 1014 944 1077 
1965 952 1056 756 1258 
1966 897 933 955 1240 
1967 543 969 1028 1089 
1968 943 923 989 1068 
1969 823 275 828 1049 
1970 928 1004 415 1088 
1971 281 1034 1147 1286 
1972 983 1076 169 1171 
1973 500 565 1075 1103 
1974 1035 906 1080 1161 
1975 893 1000 934 1169 
1976 893 934 977 1169 
1977 952 1046 733 1155 
1978 988 1079 1044 1169 
1979 208 187 281 953 
1980 281 1034 953 1147 
1981 997 1118 1036 1156 
1982 486 1083 1082 1255 
1983 1023 1185 1084 1221 
1984 539 579 609 1101 
1985 482 707 373 1140 
1986 916 1017 985 1158 
1987 979 1163 722 1210 
1988 990 1057 741 1124 
1989 943 989 923 1079 
1990 730 731 1046 1059 
1991 1017 1116 985 1158 
1992 390 392 391 992 
1993 764 1115 1207 1215 
1994 807 979 954 1071 
1995 898 945 983 1067 
1996 897 955 933 1023 
1997 963 1002 909 1086 
1998 697 467 1069 1160 
1999 591 589 1011 1098 
2000 893 949 970 1216 
2001 578 577 464 1137 
2002 1034 1049 935 1059 
2003 188 214 1026 1084 
2004 954 1060 795 1069 
2005 396 1007 959 1083 
2006 939 1119 1095 1216 
2007 323 709 975 1133 
2008 893 977 934 1074 
2009 977 934 1074 1292 
2010 281 953 187 1147 
2011 771 754 1001 1065 
2012 208 953 281 1307 
2013 753 736 738 941 
2014 980 1048 778 1210 
2015 971 1023 303 1084 
2016 369 504 423 1087 
2017 898 1065 945 1067 
2018 1037 1156 1072 1227 
2019 953 1034 281 1307 
2020 790 1068 989 1204 
2021 1028 1081 444 1201 
2022 274 1066 968 1231 
2023 703 954 795 1069 
2024 924 977 1074 1292 
2025 771 950 1065 1082 
2026 894 1125 992 1218 
2027 448 502 1106 1290 
2028 968 1034 899 1059 
2029 988 1169 1044 1179 
2030 764 707 996 1115 
2031 928 1088 415 1137 
2032 960 1064 1004 1222 
2033 390 391 962 992 
2034 900 930 1008 1058 
2035 929 1096 1078 1232 
2036 253 1029 936 1114 
2037 1036 1127 913 1218 
2038 930 1058 900 1157 
2039 543 1028 603 1089 
2040 933 1015 971 1182 
2041 916 1118 961 1156 
2042 870 882 873 1138 
2043 444 503 1028 1201 
2044 504 369 593 1087 
2045 920 1012 1000 1202 
2046 976 934 1121 1169 
2047 1038 1074 934 1292 
2048 1078 1096 548 1232 
2049 316 828 823 275 
2050 982 990 737 1124 
2051 901 991 972 1152 
2052 209 978 1076 1249 
2053 918 968 1131 1231 
2054 511 995 327 1252 
2055 998 1051 931 1277 
2056 361 510 382 1176 
2057 929 999 900 1027 
2058 702 947 487 1085 
2059 944 1014 964 1077 
2060 802 1046 943 1155 
2061 924 1074 1038 1292 
2062 740 741 1057 1124 
2063 168 1093 983 1171 
2064 916 985 1017 1116 
2065 398 1007 947 1099 
2066 901 1196 1063 1283 
2067 953 1090 933 1122 
2068 781 828 968 1049 
2069 894 944 1014 1125 
2070 671 684 380 672 
2071 464 577 370 1070 
2072 398 947 1007 1085 
2073 897 933 1015 1023 
2074 152 1009 944 1299 
2075 420 419 963 1002 
2076 408 1064 960 1222 
2077 934 1058 1038 1238 
2078 464 370 415 1070 
2079 1049 1080 319 1307 
2080 894 936 997 1036 
2081 1069 1160 467 1178 
2082 655 153 32 643 
2083 945 1076 983 1171 
2084 1000 1164 1121 1169 
2085 253 201 172 936 
2086 172 936 201 1108 
2087 372 938 505 1062 
2088 533 1013 993 1175 
2089 943 923 1068 1295 
2090 930 999 900 1008 
2091 189 1147 190 1177 
2092 806 761 990 1085 
2093 943 1046 731 1059 
2094 962 913 1041 1127 
2095 944 1009 299 1114 
2096 893 934 1000 1074 
2097 195 1237 1038 1238 
2098 277 1049 1034 1231 
2099 894 1218 992 1241 
2100 900 934 1038 1074 
2101 231 1049 780 1080 
2102 900 929 1027 1232 
2103 993 1015 897 1110 
2104 1065 1082 950 1270 
2105 707 1115 770 1140 
2106 770 1115 373 1140 
2107 1111 1196 901 1283 
2108 521 1116 1017 1158 
2109 973 980 915 1296 
2110 892 1156 1037 1227 
2111 277 968 1049 1231 
2112 152 299 944 1009 
2113 916 1017 961 1118 
2114 912 967 946 1040 
2115 895 979 973 1121 
2116 364 1056 1155 1189 
2117 771 1001 754 1082 
2118 731 943 802 1046 
2119 974 1200 1039 1223 
2120 973 979 918 1121 
2121 940 1063 1196 1283 
2122 950 1218 1067 1270 
2123 448 1070 502 1290 
2124 1034 1049 968 1231 
2125 970 928 1179 1273 
2126 988 932 1079 1169 
2127 926 992 950 1218 
2128 188 971 1084 1147 
2129 894 936 1036 1109 
2130 600 938 453 1050 
2131 751 1049 935 1080 
2132 980 1131 270 1296 
2133 515 382 510 1176 
2134 673 1006 688 1107 
2135 921 1039 1200 1223 
2136 771 745 754 1065 
2137 900 934 1074 1157 
2138 172 253 936 1114 
2139 511 627 628 995 
2140 933 1015 891 1282 
2141 936 1109 894 1262 
2142 518 519 984 1017 
2143 504 593 949 1087 
2144 893 970 1179 1273 
2145 923 943 1079 1295 
2146 881 871 872 382 
2147 818 764 707 996 
2148 905 1083 1007 1085 
2149 608 1013 533 1175 
2150 739 737 990 1124 
2151 545 603 1027 1089 
2152 915 979 973 1151 
2153 966 974 908 1223 
2154 912 967 1040 1061 
2155 219 319 1080 1307 
2156 528 1130 948 1203 
2157 956 993 897 1110 
2158 408 1004 1064 1222 
2159 1026 1147 932 1177 
2160 735 733 756 952 
2161 583 1094 937 1167 
2162 926 1218 950 1270 
2163 496 1011 623 1153 
2164 972 1020 752 1303 
2165 364 1056 797 1155 
2166 929 900 999 1008 
2167 572 548 1096 1232 
2168 870 1024 964 1132 
2169 937 1084 1185 1221 
2170 380 671 672 1019 
2171 609 949 593 1087 
2172 893 1169 988 1179 
2173 518 1017 984 1211 
2174 909 989 1016 1164 
2175 895 973 979 1151 
2176 939 924 1119 1216 
2177 837 852 163 975 
2178 802 733 1046 1155 
2179 563 1028 969 1087 
2180 304 977 191 1026 
2181 909 1044 989 1164 
2182 284 631 494 1033 
2183 908 974 966 1128 
2184 976 1121 1164 1169 
2185 209 978 260 1076 
2186 679 654 1005 1113 
2187 930 1040 999 1111 
2188 641 606 995 1139 
2189 381 846 889 1170 
2190 894 1014 1077 1125 
2191 673 688 691 1107 
2192 707 770 373 1140 
2193 289 1054 622 1244 
2194 941 1035 753 1161 
2195 1040 1061 967 1233 
2196 967 1061 1031 1223 
2197 890 999 1040 1111 
2198 558 531 993 1175 
2199 937 1094 583 1230 
2200 870 873 964 1138 
2201 954 1002 421 1142 
2202 195 1038 198 1238 
2203 188 214 190 1026 
2204 409 408 960 1222 
2205 972 1113 1018 1136 
2206 153 317 643 940 
2207 879 381 889 996 
2208 284 285 631 1033 
2209 999 900 1027 1256 
2210 839 811 796 1136 
2211 932 902 988 1182 
2212 984 1041 913 1127 
2213 893 1095 988 1169 
2214 741 1057 990 1149 
2215 870 964 1024 1138 
2216 595 1106 1175 1250 
2217 952 1122 943 1242 
2218 736 941 753 1161 
2219 913 1036 997 1118 
2220 855 1014 944 1093 
2221 753 1035 941 1168 
2222 188 1026 190 1147 
2223 855 944 841 1093 
2224 914 1015 993 1110 
2225 1012 1157 1000 1202 
2226 896 1051 987 1271 
2227 787 1035 1080 1161 
2228 900 1038 934 1157 
2229 837 813 852 798 
2230 720 778 1048 1210 
2231 928 1070 1004 1236 
2232 609 593 563 1087 
2233 735 756 799 1258 
2234 656 643 657 1104 
2235 968 918 1164 1231 
2236 1037 1072 931 1227 
2237 877 618 847 1181 
2238 595 1106 502 1175 
2239 444 1081 1028 1087 
2240 737 990 982 1258 
2241 841 944 855 1299 
2242 578 77 464 577 
2243 448 502 595 1106 
2244 837 798 852 975 
2245 906 1080 1046 1148 
2246 309 995 157 1102 
2247 891 943 1122 1242 
2248 361 382 1022 1176 
2249 284 1033 494 1054 
2250 933 953 1182 1228 
2251 235 1011 496 1153 
2252 916 1029 1036 1156 
2253 452 1082 992 1115 
2254 920 1074 1012 1256 
2255 855 944 1014 1299 
2256 908 1061 1005 1105 
2257 1034 1193 1147 1286 
2258 618 1024 877 1129 
2259 807 1071 954 1142 
2260 516 1041 517 1225 
2261 753 941 738 1124 
2262 879 889 712 996 
2263 913 1127 962 1218 
2264 756 1056 952 1155 
2265 712 868 889 879 
2266 936 1036 1029 1156 
2267 897 937 993 1230 
2268 946 967 912 1178 
2269 191 1026 977 1177 
2270 807 721 795 1060 
2271 804 1016 1071 1204 
2272 573 565 1103 1141 
2273 487 363 791 1085 
2274 752 972 773 1113 
2275 985 1195 903 1272 
2276 911 961 1100 1227 
2277 390 962 386 1241 
2278 960 1064 408 1189 
2279 992 1082 492 1284 
2280 921 1039 974 1200 
2281 936 172 1114 1172 
2282 609 969 541 1101 
2283 613 605 635 1205 
2284 894 964 944 1109 
2285 71 600 505 453 
2286 903 1195 1029 1272 
2287 172 936 1108 1172 
2288 916 1017 1036 1116 
2289 894 1067 1125 1218 
2290 678 1128 1019 1162 
2291 999 1012 900 1256 
2292 320 1138 160 1195 
2293 395 959 1053 1284 
2294 894 1127 1036 1218 
2295 517 1041 984 1225 
2296 997 1036 913 1218 
2297 535 1098 1013 1248 
2298 994 1020 774 1113 
2299 937 1084 305 1185 
2300 932 1026 971 1147 
2301 918 1066 980 1131 
2302 162 261 34 1063 
2303 631 494 1033 1054 
2304 943 1242 891 1295 
2305 943 960 1242 1295 
2306 390 992 962 1241 
2307 925 1125 992 1241 
2308 449 448 595 1106 
2309 453 505 71 372 
2310 628 651 165 995 
2311 511 627 995 1252 
2312 907 983 944 1093 
2313 151 284 285 631 
2314 988 1095 932 1169 
2315 911 981 1144 1180 
2316 679 817 649 1113 
2317 591 1011 589 1153 
2318 756 952 733 1155 
2319 1004 1070 914 1236 
2320 598 1017 1211 1243 
2321 591 536 589 1098 
2322 285 1033 284 1054 
2323 77 370 464 577 
2324 953 1147 1034 1193 
2325 593 79 369 504 
2326 971 1015 933 1023 
2327 912 1031 967 1061 
2328 807 954 800 1142 
2329 902 932 988 1095 
2330 583 937 554 1167 
2331 465 767 697 1069 
2332 1082 1083 1001 1255 
2333 518 519 517 984 
2334 732 1046 787 1080 
2335 890 967 1061 1233 
2336 924 1216 939 1260 
2337 807 795 703 954 
2338 455 800 703 954 
2339 543 969 563 1028 
2340 395 1053 959 1220 
2341 954 1069 462 1267 
2342 1095 1119 977 1216 
2343 305 239 236 937 
2344 894 997 936 1262 
2345 1001 1082 926 1083 
2346 1026 1084 971 1147 
2347 774 1020 752 1113 
2348 299 168 944 1114 
2349 382 515 871 1022 
2350 908 1061 1105 1283 
2351 733 1046 735 1161 
2352 974 966 1200 1223 
2353 987 1159 224 1268 
2354 1003 1150 905 1154 
2355 972 773 1113 1136 
2356 204 987 224 1268 
2357 923 1086 1068 1222 
2358 537 1098 535 1248 
2359 583 554 937 1230 
2360 911 1144 1100 1180 
2361 736 737 738 982 
2362 995 1078 568 1229 
2363 890 1061 1040 1233 
2364 1027 1028 555 1186 
2365 995 568 1139 1229 
2366 939 1095 970 1216 
2367 597 608 533 1175 
2368 409 960 408 1189 
2369 828 750 968 1066 
2370 1166 1221 993 1236 
2371 910 1127 1077 1241 
2372 910 962 1127 1241 
2373 702 1056 947 1258 
2374 956 1175 1106 1250 
2375 981 1100 911 1144 
2376 305 239 937 1185 
2377 162 34 689 1063 
2378 465 697 467 1069 
2379 157 995 309 1224 
2380 514 688 673 1006 
2381 259 308 945 1143 
2382 1072 1108 936 1172 
2383 767 697 1069 1160 
2384 397 959 396 1007 
2385 299 168 258 944 
2386 712 889 868 996 
2387 939 1098 589 1260 
2388 918 980 973 1131 
2389 258 944 168 1093 
2390 574 1075 951 1186 
2391 272 270 1066 1131 
2392 608 1070 1013 1175 
2393 555 1186 1028 1201 
2394 1147 1193 932 1286 
2395 740 1124 1057 1247 
2396 285 151 631 1033 
2397 518 598 1017 1211 
2398 728 779 1049 1059 
2399 1010 1138 850 1181 
2400 259 945 1076 1143 
2401 596 956 604 1250 
2402 1051 1194 987 1271 
2403 896 982 990 1173 
2404 689 1018 162 1063 
2405 517 518 984 1211 
2406 912 994 1061 1092 
2407 912 1020 994 1092 
2408 528 948 1052 1230 
2409 781 823 828 1049 
2410 452 698 1082 1115 
2411 317 32 153 643 
2412 236 937 239 1167 
2413 963 1000 909 1002 
2414 595 449 1106 1250 
2415 367 1031 714 1226 
2416 916 1108 1029 1156 
2417 896 1173 990 1269 
2418 398 1007 396 1085 
2419 902 1221 1166 1236 
2420 739 990 741 1124 
2421 380 1019 672 1264 
2422 553 1130 528 1203 
2423 933 1182 971 1228 
2424 1031 967 1223 1301 
2425 940 1196 1111 1283 
2426 946 1040 967 1233 
2427 964 1077 1014 1251 
2428 649 1113 1018 1254 
2429 928 1137 1070 1248 
2430 738 982 737 1124 
2431 777 828 812 1066 
2432 395 1053 393 1284 
2433 258 152 299 944 
2434 658 966 656 1104 
2435 972 1020 901 1113 
2436 959 905 1150 1154 
2437 231 319 1049 1080 
2438 972 991 915 1208 
2439 973 1131 980 1296 
2440 948 528 1052 1130 
2441 258 841 944 1093 
2442 1029 1108 936 1156 
2443 907 944 983 1262 
2444 604 529 981 1052 
2445 787 1046 734 1161 
2446 739 990 737 1258 
2447 804 989 727 1016 
2448 899 968 1164 1231 
2449 893 1095 970 1273 
2450 81 503 444 1201 
2451 914 993 956 1110 
2452 925 950 992 1125 
2453 448 595 75 449 
2454 949 1179 928 1245 
2455 399 1099 1042 1199 
2456 780 1049 751 1080 
2457 397 959 1007 1199 
2458 618 571 1024 1129 
2459 796 649 706 1018 
2460 812 828 328 1066 
2461 553 1030 1130 1203 
2462 702 487 791 1085 
2463 397 959 1199 1220 
2464 1017 1036 913 1118 
2465 948 1130 1030 1203 
2466 714 467 697 1031 
2467 771 950 747 1065 
2468 581 288 625 1030 
2469 444 1028 503 1087 
2470 417 1086 963 1088 
2471 178 1194 1051 1277 
2472 502 595 75 448 
2473 1021 1042 927 1135 
2474 897 993 937 1221 
2475 678 1005 1128 1162 
2476 964 1014 944 1251 
2477 423 369 79 504 
2478 160 320 844 1138 
2479 925 992 950 1115 
2480 275 328 828 1066 
2481 901 1005 1061 1105 
2482 807 723 979 1071 
2483 955 1134 180 1213 
2484 970 939 1216 1260 
2485 899 989 943 1079 
2486 844 885 160 1138 
2487 909 1000 963 1044 
2488 656 658 659 966 
2489 956 993 914 1175 
2490 899 1016 968 1059 
2491 976 1164 918 1231 
2492 500 573 565 1103 
2493 943 1059 731 1298 
2494 182 180 1134 1213 
2495 1038 1237 195 1292 
2496 515 510 1129 1176 
2497 618 1024 571 1181 
2498 730 731 732 1046 
2499 711 1019 821 1162 
2500 231 219 319 1080 
2501 978 998 898 1076 
2502 961 1118 892 1156 
2503 959 1007 905 1083 
2504 153 940 655 1063 
2505 1023 1084 971 1221 
2506 172 1108 1072 1172 
2507 317 643 940 1055 
2508 711 817 679 1162 
2509 205 1058 1008 1265 
2510 750 781 828 968 
2511 74 449 595 1250 
2512 543 563 603 1028 
2513 889 996 381 1170 
2514 904 1042 1021 1135 
2515 807 723 721 979 
2516 205 1008 1191 1265 
2517 1074 1157 1012 1256 
2518 395 393 1053 1220 
2519 728 779 781 1049 
2520 379 688 514 1006 
2521 943 1068 803 1155 
2522 987 1051 896 1198 
2523 858 861 942 1190 
2524 1044 1079 988 1179 
2525 281 1177 192 1286 
2526 509 481 1006 1192 
2527 909 1071 1016 1204 
2528 528 948 585 1203 
2529 1009 1138 320 1195 
2530 160 62 844 320 
2531 474 365 1086 1204 
2532 62 844 885 160 
2533 997 926 1259 1270 
2534 740 739 741 1124 
2535 899 989 1044 1164 
2536 899 1016 989 1164 
2537 892 1150 1003 1154 
2538 902 971 1015 1182 
2539 928 970 949 1248 
2540 428 1174 946 1178 
2541 706 649 817 1113 
2542 906 933 1043 1261 
2543 697 714 1031 1160 
2544 785 753 1035 1161 
2545 1031 467 1160 1178 
2546 381 468 846 1170 
2547 775 1113 1005 1162 
2548 958 1054 587 1089 
2549 961 1100 1144 1180 
2550 756 789 1056 1155 
2551 994 714 1160 1226 
2552 900 1074 1038 1287 
2553 656 966 659 1105 
2554 937 1094 239 1167 
2555 876 1024 870 1132 
2556 419 963 1002 1146 
2557 796 652 649 1018 
2558 308 226 259 945 
2559 562 568 995 1078 
2560 900 1058 1038 1157 
2561 902 1182 1015 1236 
2562 896 1120 1051 1271 
2563 576 1116 985 1181 
2564 521 561 575 985 
2565 1154 1259 926 1270 
2566 910 962 1041 1127 
2567 532 937 554 1230 
2568 717 1060 1020 1160 
2569 565 951 574 1075 
2570 679 1005 678 1162 
2571 935 1080 1049 1307 
2572 148 1066 334 1274 
2573 220 1034 277 1049 
2574 528 585 948 1230 
2575 715 994 714 1160 
2576 576 985 1010 1181 
2577 997 926 1154 1259 
2578 1081 1146 422 1267 
2579 968 1016 899 1164 
2580 609 563 541 969 
2581 290 1054 289 1244 
2582 943 1046 952 1155 
2583 900 969 1074 1287 
2584 1118 1211 1017 1243 
2585 847 618 508 1181 
2586 861 865 858 942 
2587 928 1004 988 1236 
2588 966 908 1128 1289 
2589 900 1157 1074 1256 
2590 893 1044 1169 1179 
2591 439 444 1081 1201 
2592 532 554 937 1166 
2593 768 1126 1215 1235 
2594 398 947 487 1099 
2595 1025 1126 907 1235 
2596 906 982 952 1161 
2597 453 1050 938 1199 
2598 256 978 1249 1300 
2599 743 1057 1001 1065 
2600 924 1074 977 1216 
2601 966 1128 974 1200 
2602 728 1016 727 1059 
2603 820 1035 232 1080 
2604 922 999 951 1186 
2605 406 947 702 1056 
2606 894 1036 997 1218 
2607 868 996 888 1207 
2608 918 1016 968 1164 
2609 851 1138 1024 1181 
2610 930 1012 999 1040 
2611 990 1173 947 1269 
2612 997 1067 936 1262 
2613 385 1123 942 1241 
2614 925 1115 996 1140 
2615 951 1075 1145 1233 
2616 894 1125 1077 1241 
2617 933 906 1090 1261 
2618 684 380 475 713 
2619 911 1130 981 1180 
2620 1128 1200 966 1289 
2621 643 1055 657 1104 
2622 951 922 1075 1233 
2623 961 911 1100 1180 
2624 496 591 623 1011 
2625 590 1033 151 1153 
2626 902 1026 932 1095 
2627 933 891 1043 1282 
2628 231 147 780 1049 
2629 303 1023 971 1228 
2630 654 1005 1113 1254 
2631 954 1183 1069 1267 
2632 182 1134 1023 1213 
2633 447 428 946 1178 
2634 149 1030 581 1203 
2635 545 543 603 1089 
2636 959 905 1007 1150 
2637 74 595 596 1250 
2638 871 1022 515 1129 
2639 930 999 965 1111 
2640 922 951 999 1233 
2641 901 1061 1092 1111 
2642 961 986 911 1180 
2643 892 1100 961 1227 
2644 257 323 975 1133 
2645 487 947 398 1085 
2646 761 990 1085 1149 
2647 717 716 1060 1160 
2648 501 604 1050 1250 
2649 478 881 872 382 
2650 537 1098 970 1260 
2651 797 1056 789 1155 
2652 190 1026 191 1177 
2653 953 932 1147 1193 
2654 1031 1061 908 1223 
2655 897 1021 955 1217 
2656 399 1042 451 1199 
2657 372 453 938 1220 
2658 895 979 954 1183 
2659 915 980 979 1210 
2660 924 1074 969 1287 
2661 390 1140 992 1241 
2662 974 1039 908 1223 
2663 1013 1070 557 1248 
2664 505 938 600 1243 
2665 467 714 367 1031 
2666 989 1068 923 1086 
2667 516 1176 1041 1225 
2668 876 870 860 1132 
2669 415 1088 416 1137 
2670 369 1087 423 1245 
2671 682 673 514 688 
2672 802 943 803 1155 
2673 964 1251 944 1299 
2674 898 983 945 1076 
2675 857 870 964 1132 
2676 935 1046 1080 1148 
2677 317 1055 940 1294 
2678 918 1131 976 1231 
2679 894 944 1125 1262 
2680 1038 1074 924 1287 
2681 223 1033 1119 1153 
2682 1013 1166 993 1236 
2683 743 1057 1065 1276 
2684 963 1044 1000 1246 
2685 209 1076 998 1249 
2686 364 473 797 1056 
2687 536 589 1098 1260 
2688 396 959 395 1083 
2689 968 1066 750 1257 
2690 567 1141 1139 1229 
2691 234 995 309 1102 
2692 997 1259 1067 1270 
2693 906 952 1046 1161 
2694 306 613 340 1205 
2695 623 1011 591 1153 
2696 989 1016 804 1204 
2697 916 986 961 1158 
2698 579 1137 949 1248 
2699 646 689 34 1063 
2700 259 1076 260 1143 
2701 529 558 531 1052 
2702 899 1059 1034 1193 
2703 935 1034 1059 1193 
2704 897 1052 948 1230 
2705 902 1098 1011 1285 
2706 800 954 455 1142 
2707 537 538 1098 1260 
2708 554 937 1166 1167 
2709 936 1067 997 1259 
2710 727 1016 989 1298 
2711 902 1084 1011 1166 
2712 870 1024 882 1138 
2713 847 1010 850 1181 
2714 573 1141 1103 1192 
2715 902 971 1026 1084 
2716 426 946 428 1174 
2717 1051 1120 896 1198 
2718 706 1018 649 1113 
2719 938 1050 600 1144 
2720 895 954 979 1209 
2721 544 958 587 1089 
2722 160 1138 1010 1195 
2723 655 940 656 1105 
2724 1042 451 1199 1250 
2725 199 1058 205 1265 
2726 492 992 452 1082 
2727 947 1173 990 1258 
2728 782 753 1124 1168 
2729 904 956 1050 1206 
2730 455 954 421 1142 
2731 514 1006 673 1107 
2732 303 183 1023 1228 
2733 655 643 656 940 
2734 679 649 654 1113 
2735 876 1129 1024 1132 
2736 703 366 954 1069 
2737 890 965 999 1111 
2738 774 994 1113 1162 
2739 956 897 993 1052 
2740 753 941 1124 1168 
2741 622 286 289 284 
2742 901 1063 1105 1283 
2743 491 364 1155 1189 
2744 990 1173 982 1258 
2745 923 1088 1086 1222 
2746 1007 1085 947 1269 
2747 1025 1215 1126 1235 
2748 183 1213 1023 1228 
2749 716 767 1060 1069 
2750 904 1042 1099 1199 
2751 504 949 579 1137 
2752 146 1035 786 1168 
2753 397 395 396 959 
2754 909 1016 1071 1164 
2755 981 1050 956 1206 
2756 674 1032 567 1107 
2757 720 1210 1048 1303 
2758 303 188 971 1084 
2759 754 1082 1001 1255 
2760 382 478 881 515 
2761 596 558 956 1175 
2762 908 1031 1223 1301 
2763 534 1098 1011 1166 
2764 646 34 261 1063 
2765 606 614 628 651 
2766 166 1093 975 1214 
2767 946 1040 1012 1183 
2768 281 189 192 1177 
2769 895 1012 1040 1183 
2770 425 422 1081 1146 
2771 932 953 1182 1193 
2772 1000 1002 963 1246 
2773 213 224 1159 1268 
2774 581 149 288 1030 
2775 81 594 503 1201 
2776 963 1044 923 1086 
2777 447 946 1069 1178 
2778 350 1035 146 1168 
2779 899 1044 989 1079 
2780 989 1044 923 1079 
2781 959 394 1083 1284 
2782 716 1069 1060 1160 
2783 239 1094 937 1185 
2784 905 1085 1007 1269 
2785 919 995 1139 1229 
2786 962 1041 459 1123 
2787 908 1283 1105 1289 
2788 951 999 1097 1186 
2789 223 1119 939 1153 
2790 943 989 899 1298 
2791 245 1030 986 1275 
2792 334 1066 270 1274 
2793 166 845 1093 1214 
2794 447 1069 946 1267 
2795 1082 1083 486 1284 
2796 767 1069 716 1160 
2797 766 714 715 994 
2798 832 786 146 1035 
2799 1051 1194 931 1277 
2800 496 1011 235 1167 
2801 286 284 622 1054 
2802 303 214 188 1084 
2803 1104 1112 1032 1200 
2804 625 1030 288 1275 
2805 286 622 289 1054 
2806 676 1104 1032 1200 
2807 232 820 326 1035 
2808 774 994 717 1020 
2809 869 809 1025 1235 
2810 909 1164 1071 1209 
2811 395 959 394 1083 
2812 913 1017 1118 1211 
2813 603 555 1027 1028 
2814 205 1191 1008 1293 
2815 1021 1045 955 1217 
2816 939 1119 1033 1153 
2817 902 939 1098 1285 
2818 727 1059 1016 1298 
2819 654 1113 649 1254 
2820 459 962 391 1278 
2821 897 955 1021 1240 
2822 802 731 803 943 
2823 858 942 1132 1190 
2824 733 731 802 1046 
2825 714 994 766 1226 
2826 447 428 426 946 
2827 281 192 1034 1286 
2828 420 963 417 1086 
2829 932 953 1147 1182 
2830 897 993 1052 1230 
2831 361 66 382 510 
2832 895 946 1012 1183 
2833 1028 1186 922 1201 
2834 915 1048 980 1210 
2835 894 1067 997 1262 
2836 958 1054 290 1244 
2837 529 527 981 1052 
2838 858 942 865 1132 
2839 1069 1183 946 1267 
2840 152 853 1009 1299 
2841 220 1034 1049 1307 
2842 518 598 520 1017 
2843 554 1166 1011 1167 
2844 574 951 549 1186 
2845 305 1011 221 1084 
2846 1038 1058 934 1157 
2847 600 938 1144 1243 
2848 909 1044 963 1086 
2849 168 983 169 1171 
2850 977 1026 304 1119 
2851 921 1200 966 1223 
2852 907 1235 1126 1291 
2853 902 988 1182 1236 
2854 1084 1166 902 1221 
2855 628 606 651 995 
2856 873 964 1138 1299 
2857 922 1028 1027 1186 
2858 921 1032 1112 1200 
2859 186 953 208 1148 
2860 920 1081 1002 1146 
2861 535 1013 557 1248 
2862 810 1082 754 1255 
2863 781 968 750 1257 
2864 998 1076 978 1249 
2865 587 1089 1054 1219 
2866 937 1011 1084 1166 
2867 1002 1146 1081 1267 
2868 380 672 458 1264 
2869 532 1166 937 1230 
2870 717 1020 994 1160 
2871 992 1053 962 1218 
2872 455 703 366 954 
2873 904 1021 1042 1110 
2874 986 1030 245 1212 
2875 421 1002 420 1142 
2876 1003 1007 905 1150 
2877 911 986 957 1212 
2878 727 728 726 1016 
2879 308 1133 945 1143 
2880 908 966 1283 1289 
2881 371 449 74 1250 
2882 491 1155 960 1189 
2883 299 1009 254 1114 
2884 182 181 180 1213 
2885 609 579 504 949 
2886 652 1018 796 1136 
2887 1053 1218 992 1284 
2888 731 803 943 1298 
2889 952 982 906 1261 
2890 965 999 930 1008 
2891 1027 1089 1028 1256 
2892 796 1018 773 1136 
2893 395 394 959 1284 
2894 893 1000 1044 1246 
2895 420 419 417 963 
2896 594 1028 503 1201 
2897 979 1060 915 1210 
2898 901 1092 991 1111 
2899 804 757 727 989 
2900 926 992 1218 1284 
2901 615 581 626 1203 
2902 929 1102 1096 1263 
2903 520 1017 598 1243 
2904 907 1014 944 1125 
2905 937 1166 1084 1221 
2906 804 1016 725 1071 
2907 514 379 682 688 
2908 504 593 609 949 
2909 275 968 274 1066 
2910 893 1179 1095 1273 
2911 920 1002 1000 1246 
2912 919 1078 995 1229 
2913 820 786 832 1035 
2914 596 558 604 956 
2915 655 1063 940 1105 
2916 260 1076 978 1143 
2917 904 1042 1199 1250 
2918 505 1062 938 1243 
2919 945 983 907 1171 
2920 983 1172 898 1259 
2921 502 1070 608 1175 
2922 327 995 329 1252 
2923 1130 1144 981 1180 
2924 957 986 916 1197 
2925 904 1050 981 1206 
2926 772 972 752 1303 
2927 979 980 918 1163 
2928 380 684 671 713 
2929 763 950 1082 1115 
2930 652 796 811 1136 
2931 711 645 1019 1162 
2932 949 893 1179 1246 
2933 1072 1156 1037 1259 
2934 462 954 366 1069 
2935 1035 1159 941 1168 
2936 904 1021 1110 1206 
2937 935 1046 943 1059 
2938 166 975 845 1214 
2939 904 1199 1050 1250 
2940 756 797 789 1155 
2941 929 999 965 1008 
2942 893 1044 963 1246 
2943 868 888 842 1207 
2944 1009 1029 254 1114 
2945 900 1008 958 1253 
2946 391 962 1053 1278 
2947 1040 1092 1061 1111 
2948 926 1218 1053 1284 
2949 892 1118 997 1156 
2950 855 1014 1093 1214 
2951 989 1016 899 1059 
2952 570 984 1181 1225 
2953 898 1001 1154 1239 
2954 907 1125 944 1262 
2955 604 981 564 1050 
2956 904 1110 1042 1206 
2957 917 998 978 1249 
2958 575 521 985 1116 
2959 248 332 346 957 
2960 474 805 365 1204 
2961 179 987 204 1194 
2962 697 1031 467 1160 
2963 900 1008 1038 1058 
2964 611 674 567 1107 
2965 658 1104 676 1200 
2966 1072 1156 957 1227 
2967 910 1041 984 1127 
2968 931 1091 955 1271 
2969 909 1016 989 1204 
2970 782 1124 1047 1168 
2971 1011 1166 937 1167 
2972 493 942 1123 1266 
2973 551 1141 567 1229 
2974 551 567 1139 1229 
2975 759 720 1048 1303 
2976 991 901 1111 1196 
2977 372 938 1062 1220 
2978 902 1166 1013 1236 
2979 951 1184 999 1233 
2980 983 1093 907 1171 
2981 803 1068 943 1298 
2982 993 1013 533 1166 
2983 746 945 1065 1126 
2984 1139 1141 1032 1229 
2985 1194 1240 987 1271 
2986 885 1010 160 1138 
2987 523 1158 961 1180 
2988 917 1057 990 1124 
2989 895 1012 946 1202 
2990 769 746 758 945 
2991 527 604 529 981 
2992 1003 1037 892 1154 
2993 902 1015 971 1221 
2994 951 1097 549 1186 
2995 804 1071 762 1204 
2996 236 221 305 1011 
2997 380 713 671 1019 
2998 649 1018 653 1254 
2999 938 904 1050 1100 
3000 931 1227 1091 1271 
3001 259 260 308 1143 
3002 902 939 1095 1098 
3003 608 557 1013 1070 
3004 190 304 191 1026 
3005 567 1032 674 1139 
3006 1035 1080 906 1148 
3007 796 706 773 1018 
3008 537 535 557 1248 
3009 226 945 308 1133 
3010 501 596 604 1250 
3011 826 1047 307 1168 
3012 1026 1095 939 1119 
3013 227 1035 255 1148 
3014 279 213 224 1159 
3015 428 1174 967 1305 
3016 481 86 509 1006 
3017 384 459 1041 1123 
3018 895 979 1121 1209 
3019 901 1005 994 1061 
3020 534 591 1011 1098 
3021 1071 1142 762 1204 
3022 820 832 146 1035 
3023 1075 1145 1233 1305 
3024 1015 1023 971 1221 
3025 977 1074 893 1216 
3026 645 678 1019 1162 
3027 470 396 1083 1085 
3028 945 1126 746 1291 
3029 1028 1089 969 1256 
3030 890 999 965 1184 
3031 988 1004 928 1179 
3032 979 1060 954 1183 
3033 706 773 1018 1113 
3034 382 881 871 515 
3035 901 1061 1111 1283 
3036 918 1071 1164 1209 
3037 217 1096 233 1102 
3038 720 778 759 1048 
3039 901 1105 1061 1283 
3040 238 235 496 1153 
3041 447 946 426 1267 
3042 1002 1081 920 1202 
3043 179 280 204 987 
3044 977 1169 934 1237 
3045 110 810 788 486 
3046 523 961 525 1180 
3047 113 707 373 482 
3048 1032 1107 665 1200 
3049 802 756 733 1155 
3050 232 1035 326 1080 
3051 481 379 86 1006 
3052 1008 930 1191 1265 
3053 703 455 99 800 
3054 836 829 777 1274 
3055 464 415 416 1137 
3056 952 1043 906 1122 
3057 270 1066 980 1274 
3058 950 1065 1067 1126 
3059 81 444 439 1201 
3060 942 388 1140 1170 
3061 162 261 1063 1152 
3062 1079 1169 932 1286 
3063 806 702 791 1258 
3064 234 309 157 1102 
3065 536 538 589 1260 
3066 899 1169 1079 1286 
3067 1062 1211 1118 1243 
3068 918 1071 1016 1164 
3069 944 1251 1014 1299 
3070 976 934 1169 1237 
3071 915 1060 1092 1210 
3072 255 1148 1035 1159 
3073 162 1063 1018 1152 
3074 855 1014 854 1299 
3075 557 1070 577 1248 
3076 166 975 1093 1171 
3077 425 424 422 1146 
3078 1024 1129 910 1132 
3079 983 1067 936 1259 
3080 758 945 746 1291 
3081 967 890 1061 1223 
3082 898 1067 983 1259 
3083 618 877 513 1129 
3084 565 549 951 1229 
3085 979 918 1121 1209 
3086 279 941 1159 1168 
3087 279 1159 1035 1168 
3088 697 465 97 767 
3089 902 939 1026 1095 
3090 879 846 889 381 
3091 940 1063 153 1196 
3092 927 1042 1021 1110 
3093 908 1039 974 1165 
3094 897 1023 1015 1221 
3095 525 527 1130 1144 
3096 956 904 1050 1250 
3097 899 1044 1079 1169 
3098 923 1079 1044 1179 
3099 924 977 1119 1216 
3100 570 984 1116 1181 
3101 517 984 1041 1211 
3102 838 798 837 975 
3103 1042 1106 1064 1297 
3104 913 1118 997 1304 
3105 943 1068 960 1295 
3106 277 968 275 1049 
3107 969 1216 949 1246 
3108 934 1237 1038 1292 
3109 320 1009 844 1138 
3110 951 890 1184 1233 
3111 248 957 346 1108 
3112 576 1010 985 1205 
3113 994 1005 908 1061 
3114 574 565 549 951 
3115 1032 1139 567 1141 
3116 986 1158 582 1180 
3117 930 1092 1040 1111 
3118 941 1159 987 1268 
3119 1081 1202 1002 1267 
3120 181 182 1023 1213 
3121 1027 1097 999 1186 
3122 1046 1122 906 1148 
3123 987 1090 280 1159 
3124 879 712 381 996 
3125 523 525 961 1144 
3126 903 1024 984 1127 
3127 923 1004 988 1179 
3128 1105 1283 966 1289 
3129 559 587 544 958 
3130 820 146 326 1035 
3131 900 1038 1008 1253 
3132 1247 1249 978 1300 
3133 890 1040 1061 1111 
3134 463 1064 1106 1297 
3135 646 1018 689 1063 
3136 613 849 605 1205 
3137 286 289 290 1054 
3138 908 1105 1005 1289 
3139 797 473 789 1056 
3140 204 1051 987 1268 
3141 1044 1164 1000 1169 
3142 397 395 959 1220 
3143 809 869 1025 1207 
3144 998 1076 209 1172 
3145 952 906 1043 1261 
3146 774 717 752 1020 
3147 379 648 688 1006 
3148 854 841 855 1299 
3149 725 1163 1071 1257 
3150 346 1072 957 1277 
3151 463 1106 1042 1297 
3152 942 910 1077 1241 
3153 821 711 713 1019 
3154 769 746 945 1276 
3155 1075 1233 922 1305 
3156 1013 1070 928 1236 
3157 891 1015 988 1187 
3158 942 1077 910 1132 
3159 957 1197 248 1212 
3160 946 1183 895 1202 
3161 896 987 1240 1271 
3162 280 1090 987 1213 
3163 297 1038 198 1292 
3164 389 942 1140 1241 
3165 332 957 248 1212 
3166 922 1081 1012 1256 
3167 392 992 492 1284 
3168 692 307 826 1047 
3169 998 1051 917 1120 
3170 763 950 771 1082 
3171 746 1065 945 1276 
3172 945 898 1076 1276 
3173 931 1051 998 1120 
3174 904 1100 938 1150 
3175 927 1043 1021 1135 
3176 981 1130 527 1144 
3177 225 233 217 1096 
3178 988 1187 1015 1236 
3179 978 1076 898 1276 
3180 596 595 558 1175 
3181 362 492 1082 1284 
3182 898 1172 998 1259 
3183 1043 1135 927 1173 
3184 897 1015 993 1221 
3185 940 1196 153 1294 
3186 417 445 1086 1088 
3187 936 1172 983 1259 
3188 875 1014 1214 1302 
3189 525 1144 1130 1180 
3190 981 1052 527 1130 
3191 901 1018 972 1113 
3192 173 998 209 1172 
3193 1126 1235 768 1291 
3194 946 1012 922 1081 
3195 537 970 1098 1248 
3196 587 1054 958 1244 
3197 346 957 1072 1108 
3198 898 1057 978 1276 
3199 946 922 1012 1233 
3200 944 1014 907 1093 
3201 1012 1040 930 1157 
3202 785 1035 753 1168 
3203 787 732 734 1046 
3204 1020 1092 1060 1210 
3205 1047 1249 1247 1300 
3206 935 1122 1046 1148 
3207 932 1147 971 1182 
3208 473 797 105 364 
3209 903 1010 985 1181 
3210 386 390 391 962 
3211 930 991 1092 1111 
3212 290 958 331 1054 
3213 280 987 179 1213 
3214 208 186 187 953 
3215 829 1066 777 1274 
3216 984 1017 519 1116 
3217 913 1036 984 1127 
3218 561 985 1073 1306 
3219 727 989 757 1298 
3220 969 1028 920 1087 
3221 1006 1107 509 1192 
3222 651 995 606 1139 
3223 384 1123 1041 1176 
3224 551 1139 568 1229 
3225 923 988 1004 1295 
3226 942 1123 910 1241 
3227 279 941 1168 1268 
3228 459 1041 962 1278 
3229 795 1060 767 1069 
3230 968 1016 918 1257 
3231 947 1056 406 1099 
3232 459 386 962 1123 
3233 176 957 332 1091 
3234 190 191 189 1177 
3235 523 524 1158 1180 
3236 892 959 1150 1154 
3237 987 1051 204 1194 
3238 549 1097 951 1229 
3239 929 1078 1102 1184 
3240 987 1194 179 1213 
3241 618 513 571 1129 
3242 1023 1213 933 1228 
3243 961 1144 525 1180 
3244 242 1188 1030 1203 
3245 608 577 557 1070 
3246 1018 1113 773 1136 
3247 903 985 1116 1181 
3248 441 1053 1220 1278 
3249 112 452 373 1115 
3250 939 902 1026 1285 
3251 625 581 640 288 
3252 891 988 1015 1182 
3253 406 487 702 947 
3254 769 945 758 1133 
3255 536 1098 538 1260 
3256 494 284 151 631 
3257 112 698 452 1115 
3258 515 382 66 510 
3259 917 998 1120 1239 
3260 516 517 569 1225 
3261 898 1037 998 1239 
3262 1023 1134 955 1213 
3263 949 928 1137 1245 
3264 521 1017 520 1158 
3265 631 1033 586 1054 
3266 855 864 1014 1214 
3267 993 1221 1015 1236 
3268 930 1157 1151 1265 
3269 966 1112 1104 1200 
3270 930 1058 1157 1265 
3271 919 995 1102 1224 
3272 718 717 716 1060 
3273 186 1090 953 1148 
3274 970 1095 939 1098 
3275 1092 1151 1040 1183 
3276 165 329 327 995 
3277 628 641 606 995 
3278 1011 1098 939 1285 
3279 968 899 1034 1231 
3280 717 994 715 1160 
3281 950 992 926 1082 
3282 279 1168 213 1268 
3283 969 1074 1216 1246 
3284 1016 1059 989 1298 
3285 875 1014 864 1214 
3286 465 1069 467 1178 
3287 965 1008 930 1191 
3288 898 1154 1001 1270 
3289 353 153 1196 1294 
3290 977 1095 1026 1119 
3291 927 1042 1099 1135 
3292 378 382 872 1022 
3293 452 992 489 1115 
3294 583 532 554 1230 
3295 183 184 1213 1228 
3296 283 280 1090 1159 
3297 349 978 260 1300 
3298 1005 908 1128 1162 
3299 916 985 1073 1158 
3300 248 957 1108 1197 
3301 223 1153 939 1285 
3302 912 1040 946 1183 
3303 1011 1098 902 1166 
3304 600 1144 607 1243 
3305 338 985 1195 1205 
3306 933 1090 987 1261 
3307 180 1091 955 1194 
3308 389 390 386 1241 
3309 909 954 1002 1209 
3310 661 658 676 1200 
3311 940 1105 1063 1283 
3312 943 899 1059 1298 
3313 904 938 1050 1199 
3314 1008 1191 965 1293 
3315 534 1011 554 1166 
3316 752 772 773 972 
3317 925 1077 1125 1241 
3318 972 1152 991 1208 
3319 961 1017 916 1158 
3320 1096 1102 1078 1252 
3321 703 767 98 1069 
3322 476 468 381 1170 
3323 1078 1096 929 1102 
3324 180 955 1091 1134 
3325 565 574 500 1075 
3326 1038 1058 1008 1253 
3327 716 767 795 1060 
3328 892 1118 1150 1304 
3329 228 1249 1047 1300 
3330 923 1044 989 1086 
3331 989 1044 909 1086 
3332 660 668 1128 1200 
3333 919 1139 1032 1229 
3334 585 1203 948 1230 
3335 385 942 389 1241 
3336 895 1151 1040 1157 
3337 904 1150 938 1199 
3338 723 1071 725 1163 
3339 909 1002 954 1142 
3340 475 93 684 713 
3341 310 1033 223 1153 
3342 531 1052 993 1230 
3343 926 1083 1082 1284 
3344 503 1028 563 1087 
3345 751 732 787 1080 
3346 972 263 1136 1152 
3347 351 277 275 1049 
3348 838 798 975 1235 
3349 768 1215 1025 1235 
3350 955 1023 897 1217 
3351 553 528 585 1203 
3352 205 216 1191 1293 
3353 1011 1084 902 1285 
3354 981 1050 904 1100 
3355 390 492 392 992 
3356 256 1249 228 1300 
3357 198 1058 1038 1253 
3358 1009 1138 964 1299 
3359 895 1040 1012 1157 
3360 934 1000 1074 1157 
3361 931 1037 998 1072 
3362 661 676 1032 1200 
3363 1050 1199 451 1250 
3364 58 166 845 1093 
3365 976 1121 934 1238 
3366 923 1044 963 1179 
3367 896 990 982 1198 
3368 227 1080 1035 1148 
3369 215 304 1026 1119 
3370 152 254 299 1009 
3371 913 1118 1062 1211 
3372 1021 1110 897 1282 
3373 389 1140 390 1241 
3374 788 810 754 1255 
3375 216 218 965 1294 
3376 922 1027 999 1186 
3377 849 1010 605 1205 
3378 455 462 421 954 
3379 532 993 1166 1230 
3380 153 317 940 1294 
3381 927 1099 1056 1173 
3382 561 575 985 1306 
3383 1056 1099 947 1173 
3384 216 965 218 1191 
3385 106 702 789 1056 
3386 1013 1098 970 1248 
3387 904 1099 1007 1199 
3388 648 681 688 1006 
3389 947 1085 990 1269 
3390 922 1028 1081 1256 
3391 962 1123 386 1241 
3392 920 1146 1002 1246 
3393 1002 1146 963 1246 
3394 1018 1136 263 1152 
3395 895 1000 1157 1202 
3396 565 951 1141 1229 
3397 980 1274 1048 1296 
3398 540 1219 1033 1260 
3399 372 456 453 1220 
3400 631 586 494 1054 
3401 954 1202 1002 1209 
3402 919 1102 1078 1184 
3403 915 1092 1020 1210 
3404 267 1048 268 1296 
3405 747 1065 950 1126 
3406 233 1102 1096 1252 
3407 951 1097 999 1184 
3408 967 1031 912 1178 
3409 1220 1278 1053 1304 
3410 923 1222 1068 1295 
3411 910 1041 962 1123 
3412 1001 1057 898 1065 
3413 893 988 1095 1179 
3414 929 1097 1078 1184 
3415 908 966 1223 1283 
3416 761 806 791 1085 
3417 898 1065 1057 1276 
3418 980 1066 776 1274 
3419 280 184 1090 1213 
3420 418 1146 1087 1245 
3421 1060 1092 912 1183 
3422 878 889 846 1170 
3423 941 906 1161 1261 
3424 903 964 1024 1127 
3425 999 1027 929 1097 
3426 1043 1122 952 1242 
3427 371 74 596 1250 
3428 1062 1278 1220 1304 
3429 919 1102 1055 1224 
3430 994 1160 1031 1226 
3431 378 872 883 1022 
3432 316 823 835 351 
3433 509 1006 514 1107 
3434 661 1032 665 1200 
3435 984 1024 903 1181 
3436 952 1155 1056 1189 
3437 562 550 568 1078 
3438 615 149 581 1203 
3439 1013 1070 914 1175 
3440 739 738 737 1124 
3441 909 1002 1000 1209 
3442 806 990 739 1258 
3443 952 1046 943 1122 
3444 544 1089 587 1219 
3445 467 465 97 697 
3446 847 508 1010 1181 
3447 962 910 1123 1241 
3448 198 202 1058 1253 
3449 531 993 532 1230 
3450 755 1247 742 1276 
3451 768 1126 749 1215 
3452 194 191 304 977 
3453 745 771 747 1065 
3454 426 1174 1081 1267 
3455 898 1259 1154 1270 
3456 613 306 849 1205 
3457 1000 1044 909 1164 
3458 931 1227 1072 1277 
3459 711 775 817 1162 
3460 428 967 1174 1178 
3461 1037 1120 998 1239 
3462 442 700 1068 1155 
3463 969 1101 949 1216 
3464 169 983 171 1076 
3465 580 1180 1030 1275 
3466 195 198 1038 1292 
3467 1040 1151 930 1157 
3468 1078 1184 1097 1229 
3469 990 1085 905 1269 
3470 1002 1202 954 1267 
3471 933 1023 955 1213 
3472 847 508 605 1010 
3473 932 1177 1147 1286 
3474 183 181 1023 1213 
3475 208 1148 953 1307 
3476 622 284 494 1054 
3477 955 1134 1023 1217 
3478 215 1119 1026 1285 
3479 410 1004 408 1222 
3480 493 942 385 1123 
3481 964 1024 910 1132 
3482 945 1133 769 1143 
3483 1045 1135 1021 1271 
3484 226 308 341 1133 
3485 1072 1227 957 1277 
3486 155 1073 636 1275 
3487 742 1247 1057 1276 
3488 155 342 1073 1275 
3489 875 1214 1025 1302 
3490 963 1146 417 1245 
3491 1034 192 1231 1286 
3492 1003 1135 1045 1271 
3493 213 204 224 1268 
3494 975 1235 907 1291 
3495 389 942 388 1140 
3496 966 1104 658 1200 
3497 350 326 146 1035 
3498 929 1008 965 1293 
3499 904 1045 1003 1135 
3500 998 1172 1072 1259 
3501 847 605 849 1010 
3502 543 541 969 1219 
3503 904 1021 1045 1135 
3504 177 1091 180 1194 
3505 1021 1043 896 1135 
3506 965 1191 216 1293 
3507 405 486 788 1255 
3508 1068 1222 960 1295 
3509 65 881 478 515 
3510 218 1191 965 1294 
3511 941 906 1035 1161 
3512 664 1107 1006 1200 
3513 568 641 562 995 
3514 721 979 723 1163 
3515 416 1137 1088 1245 
3516 564 1050 981 1144 
3517 896 1135 1043 1173 
3518 396 395 394 1083 
3519 489 1115 992 1140 
3520 789 797 105 473 
3521 858 1190 1132 1251 
3522 892 1150 959 1304 
3523 800 807 703 954 
3524 555 1028 594 1201 
3525 267 1208 1048 1296 
3526 900 1074 969 1256 
3527 816 784 1143 1300 
3528 994 1020 912 1160 
3529 401 1042 399 1099 
3530 1015 897 1110 1282 
3531 1047 1124 941 1168 
3532 724 1163 725 1257 
3533 1031 1160 714 1226 
3534 963 1044 893 1179 
3535 707 770 113 373 
3536 559 958 544 1232 
3537 567 1107 1032 1141 
3538 974 1128 668 1200 
3539 470 1085 1083 1255 
3540 1000 1164 909 1209 
3541 383 1022 1123 1176 
3542 1052 1130 981 1217 
3543 986 1180 582 1275 
3544 1004 1187 988 1236 
3545 857 870 873 964 
3546 703 795 767 1069 
3547 722 721 723 1163 
3548 223 222 1153 1285 
3549 441 1053 393 1220 
3550 855 864 875 1014 
3551 913 1017 984 1036 
3552 430 967 428 1178 
3553 724 723 725 1163 
3554 938 1220 959 1304 
3555 994 1031 912 1061 
3556 200 973 1238 1265 
3557 898 1154 1037 1239 
3558 660 1200 1128 1289 
3559 438 1165 1031 1226 
3560 1031 1165 438 1301 
3561 378 887 883 872 
3562 58 845 863 1093 
3563 567 674 611 1139 
3564 666 157 30 1224 
3565 183 181 182 1023 
3566 914 993 1015 1236 
3567 857 1132 964 1251 
3568 999 1184 890 1233 
3569 906 941 1035 1159 
3570 453 72 600 1050 
3571 923 988 1079 1179 
3572 854 1014 1251 1299 
3573 905 1085 990 1149 
3574 235 222 1011 1153 
3575 970 1098 1013 1273 
3576 659 1105 966 1289 
3577 919 1184 1078 1229 
3578 714 467 96 697 
3579 952 1155 1189 1242 
3580 822 760 837 975 
3581 873 1138 1009 1299 
3582 958 1253 1008 1263 
3583 928 1179 1088 1245 
3584 908 994 1031 1226 
3585 681 1006 648 1234 
3586 893 970 1095 1216 
3587 725 1071 1016 1257 
3588 1013 1248 970 1273 
3589 903 1036 984 1116 
3590 568 1078 550 1229 
3591 410 415 1004 1088 
3592 410 1088 1004 1222 
3593 922 1027 1028 1256 
3594 512 674 611 1107 
3595 894 962 1218 1241 
3596 715 717 774 994 
3597 995 1102 234 1252 
3598 564 600 1050 1144 
3599 346 174 1072 1277 
3600 932 1193 1079 1286 
3601 963 1086 923 1088 
3602 904 1099 1042 1135 
3603 524 582 1158 1180 
3604 921 1103 951 1141 
3605 906 1046 952 1122 
3606 576 552 1116 1181 
3607 936 1067 983 1262 
3608 678 1128 1005 1289 
3609 893 1044 1000 1169 
3610 231 319 147 1049 
3611 539 970 537 1248 
3612 910 964 1077 1127 
3613 905 1037 1003 1154 
3614 958 1089 544 1232 
3615 403 1099 1056 1297 
3616 187 953 186 1228 
3617 957 1091 176 1277 
3618 304 194 977 1119 
3619 938 1118 1220 1304 
3620 514 86 379 1006 
3621 163 257 323 975 
3622 991 1152 265 1208 
3623 290 360 958 1244 
3624 982 952 1173 1261 
3625 111 452 698 1082 
3626 722 979 721 1163 
3627 943 1059 899 1193 
3628 514 509 86 1006 
3629 922 1233 1174 1305 
3630 891 1122 1043 1242 
3631 1029 1036 936 1109 
3632 908 1162 994 1226 
3633 737 736 735 982 
3634 235 333 496 1167 
3635 771 763 747 950 
3636 964 1009 903 1138 
3637 417 413 445 1088 
3638 1048 1274 269 1296 
3639 340 306 849 613 
3640 587 958 559 1244 
3641 895 1202 954 1209 
3642 645 711 679 1162 
3643 956 897 1052 1206 
3644 865 942 861 1266 
3645 747 950 763 1215 
3646 957 332 1091 1212 
3647 908 1031 994 1061 
3648 785 736 753 1161 
3649 426 946 1174 1267 
3650 667 1032 1104 1224 
3651 678 669 1019 1128 
3652 666 30 647 1224 
3653 428 429 1174 1305 
3654 955 1045 1021 1240 
3655 743 744 1057 1276 
3656 711 645 713 1019 
3657 763 1082 698 1115 
3658 349 1143 978 1300 
3659 1043 1173 952 1261 
3660 970 1101 539 1260 
3661 241 242 240 948 
3662 959 1150 1007 1199 
3663 933 1043 1240 1282 
3664 935 943 1046 1122 
3665 910 1077 964 1132 
3666 167 1093 168 1171 
3667 976 1131 1121 1238 
3668 930 1092 991 1151 
3669 855 856 854 1014 
3670 586 1033 540 1219 
3671 241 948 240 1185 
3672 584 639 1094 1167 
3673 816 1143 302 1300 
3674 736 735 982 1161 
3675 419 417 963 1146 
3676 956 1042 904 1250 
3677 1015 1182 988 1236 
3678 660 966 658 1200 
3679 935 1059 943 1193 
3680 907 983 1067 1262 
3681 534 536 591 1098 
3682 898 945 1065 1276 
3683 901 1020 994 1113 
3684 857 860 870 1132 
3685 229 307 1047 1168 
3686 1030 1130 948 1188 
3687 1002 1202 1000 1209 
3688 452 489 373 1115 
3689 251 338 985 1195 
3690 467 96 367 714 
3691 1020 1060 912 1160 
3692 911 1045 981 1217 
3693 739 741 990 1149 
3694 892 1037 1156 1259 
3695 1057 1124 917 1247 
3696 960 1068 442 1222 
3697 978 1143 755 1300 
3698 1050 1100 981 1144 
3699 99 366 455 703 
3700 898 1076 998 1172 
3701 944 894 1109 1262 
3702 946 1012 1040 1233 
3703 1001 1083 926 1154 
3704 905 1083 1001 1154 
3705 1024 1129 571 1225 
3706 734 1046 733 1161 
3707 580 582 1180 1275 
3708 172 201 1072 1108 
3709 938 1100 1050 1144 
3710 911 981 1130 1217 
3711 747 1126 950 1215 
3712 283 1090 211 1159 
3713 989 1059 899 1298 
3714 265 1117 991 1208 
3715 900 1012 1157 1256 
3716 268 267 269 1048 
3717 375 460 69 1211 
3718 856 854 1014 1251 
3719 951 1112 1141 1229 
3720 1081 1174 946 1267 
3721 932 1182 1079 1193 
3722 645 679 678 1162 
3723 954 895 1183 1202 
3724 501 604 564 1050 
3725 325 985 338 1205 
3726 961 1118 1017 1243 
3727 171 1076 983 1172 
3728 984 1127 1024 1225 
3729 965 999 929 1184 
3730 1073 1272 250 1306 
3731 532 993 533 1166 
3732 941 1161 982 1261 
3733 1042 1110 956 1206 
3734 919 1141 1112 1229 
3735 240 948 242 1203 
3736 905 1007 1003 1269 
3737 972 1136 1018 1152 
3738 875 886 1025 1214 
3739 806 739 737 1258 
3740 951 919 1112 1229 
3741 399 401 451 1042 
3742 112 373 770 1115 
3743 920 1000 1002 1202 
3744 765 1025 809 1235 
3745 875 1025 886 1302 
3746 570 984 519 1116 
3747 993 1013 914 1175 
3748 223 1033 345 1119 
3749 949 1101 970 1216 
3750 441 461 1053 1278 
3751 964 903 1024 1138 
3752 927 1135 1099 1173 
3753 810 486 362 1082 
3754 921 1107 1032 1200 
3755 1090 1148 211 1159 
3756 641 995 568 1139 
3757 232 694 820 1080 
3758 627 562 628 995 
3759 734 733 735 1161 
3760 660 658 966 1289 
3761 943 891 1079 1295 
3762 977 1119 194 1292 
3763 400 398 487 1099 
3764 391 459 386 962 
3765 384 1041 443 1176 
3766 986 582 1158 1275 
3767 405 1083 486 1255 
3768 589 1153 939 1260 
3769 947 1099 1135 1173 
3770 983 1076 898 1172 
3771 789 1056 702 1258 
3772 667 1032 676 1104 
3773 694 827 820 1080 
3774 926 950 1082 1270 
3775 393 441 461 1053 
3776 446 1142 1086 1204 
3777 180 1091 210 1134 
3778 195 297 198 1292 
3779 531 533 532 993 
3780 402 451 1050 1199 
3781 932 1026 977 1095 
3782 517 1041 499 1211 
3783 303 188 185 971 
3784 998 1072 1037 1259 
3785 984 1036 1017 1116 
3786 1090 1213 184 1228 
3787 928 1070 1013 1248 
3788 945 907 1126 1291 
3789 418 1087 369 1245 
3790 1025 907 1126 1215 
3791 663 1200 1006 1234 
3792 942 1170 1140 1190 
3793 875 864 886 1214 
3794 1025 1125 907 1215 
3795 242 948 241 1134 
3796 185 971 188 1147 
3797 260 978 349 1143 
3798 921 951 1103 1145 
3799 268 1048 269 1296 
3800 575 576 985 1205 
3801 984 1041 910 1225 
3802 926 1082 992 1284 
3803 951 1145 890 1233 
3804 389 385 388 942 
3805 505 600 607 1243 
3806 920 1074 969 1246 
3807 816 784 824 1143 
3808 543 969 1089 1219 
3809 310 151 1033 1153 
3810 326 232 146 820 
3811 994 1162 766 1226 
3812 977 1026 932 1177 
3813 904 1042 956 1206 
3814 784 755 1143 1300 
3815 1177 1231 192 1286 
3816 737 982 735 1258 
3817 990 1057 917 1239 
3818 1150 1199 959 1220 
3819 892 997 1154 1259 
3820 344 307 819 1047 
3821 911 948 1130 1188 
3822 628 511 165 348 
3823 920 1028 969 1256 
3824 879 846 381 468 
3825 804 725 762 1071 
3826 755 978 1247 1276 
3827 891 943 1079 1122 
3828 202 1008 1058 1253 
3829 1140 1170 996 1190 
3830 942 1170 861 1266 
3831 93 475 380 713 
3832 328 273 148 1066 
3833 147 316 835 351 
3834 176 346 332 957 
3835 627 562 995 1252 
3836 652 278 1018 1136 
3837 774 1113 775 1162 
3838 943 1122 935 1193 
3839 512 611 567 1107 
3840 955 1091 931 1194 
3841 482 414 996 1140 
3842 559 1232 1096 1244 
3843 865 1132 942 1266 
3844 534 591 554 1011 
3845 314 349 260 1300 
3846 999 1040 1012 1233 
3847 529 527 1052 1130 
3848 469 1031 438 1301 
3849 945 1171 907 1291 
3850 59 841 258 1093 
3851 912 1060 1020 1092 
3852 900 1089 958 1232 
3853 906 941 1159 1261 
3854 489 373 1115 1140 
3855 162 1018 263 1152 
3856 383 361 1022 1176 
3857 740 741 742 1057 
3858 909 1142 1071 1204 
3859 924 939 1119 1260 
3860 409 960 442 1222 
3861 418 369 1087 1146 
3862 385 493 388 942 
3863 865 1022 1132 1266 
3864 341 1133 308 1143 
3865 1024 1127 910 1225 
3866 463 1064 411 1106 
3867 975 1133 822 1291 
3868 570 517 519 984 
3869 895 1040 1151 1183 
3870 425 1081 422 1267 
3871 364 473 1056 1189 
3872 1125 1126 907 1215 
3873 112 770 698 1115 
3874 918 1121 976 1131 
3875 973 1157 1121 1238 
3876 1102 1293 965 1294 
3877 1003 1045 904 1150 
3878 285 284 286 1054 
3879 964 910 1024 1127 
3880 960 1189 1155 1242 
3881 516 499 517 1041 
3882 976 934 1237 1238 
3883 907 1025 1014 1125 
3884 914 1013 993 1236 
3885 981 1206 1052 1217 
3886 908 1223 1039 1301 
3887 519 1017 521 1116 
3888 742 740 1057 1247 
3889 157 666 1055 1224 
3890 1024 1181 984 1225 
3891 723 979 1071 1163 
3892 1011 1153 222 1285 
3893 1003 1037 905 1239 
3894 443 384 459 1041 
3895 288 1030 244 1275 
3896 956 1110 897 1206 
3897 379 648 682 688 
3898 555 603 594 1028 
3899 562 1078 995 1252 
3900 911 1130 948 1217 
3901 920 1012 1081 1256 
3902 242 948 1134 1188 
3903 985 1272 1073 1306 
3904 855 1093 864 1214 
3905 310 345 223 1033 
3906 366 703 98 1069 
3907 997 1067 894 1218 
3908 935 1049 1034 1307 
3909 242 1030 244 1203 
3910 932 1095 977 1169 
3911 829 776 1066 1274 
3912 491 960 409 1189 
3913 721 1060 979 1210 
3914 758 1133 945 1291 
3915 1021 1240 1043 1282 
3916 869 1025 886 1235 
3917 916 1073 985 1272 
3918 170 983 168 1114 
3919 162 262 261 1152 
3920 950 1126 1125 1215 
3921 917 1051 998 1249 
3922 712 996 868 1207 
3923 1025 1214 1014 1302 
3924 958 1287 1253 1288 
3925 455 366 462 954 
3926 1003 1100 1045 1150 
3927 520 598 523 1243 
3928 180 1194 955 1213 
3929 1045 1100 904 1150 
3930 952 1173 1056 1258 
3931 998 1037 931 1120 
3932 859 1251 856 1302 
3933 1040 1092 930 1151 
3934 999 1097 929 1184 
3935 273 334 148 1066 
3936 338 325 251 985 
3937 884 1214 975 1235 
3938 1051 1120 931 1271 
3939 934 1121 1157 1238 
3940 1007 1099 399 1199 
3941 914 1070 1013 1236 
3942 453 450 72 1050 
3943 859 1190 1251 1302 
3944 892 997 1118 1304 
3945 948 1094 240 1185 
3946 1004 1064 960 1187 
3947 765 809 1025 1207 
3948 177 322 180 1091 
3949 1008 1058 930 1265 
3950 215 223 1119 1285 
3951 981 1045 911 1100 
3952 1033 1054 285 1288 
3953 787 785 1035 1161 
3954 460 1211 375 1278 
3955 1051 931 1194 1271 
3956 901 991 1152 1196 
3957 776 980 778 1163 
3958 277 1034 318 1231 
3959 1073 1158 582 1275 
3960 663 974 668 1200 
3961 976 192 1177 1231 
3962 647 30 309 1224 
3963 884 845 975 1214 
3964 463 404 1064 1297 
3965 997 1036 936 1156 
3966 907 1067 1125 1262 
3967 939 1119 223 1285 
3968 220 1049 319 1307 
3969 1007 1135 904 1150 
3970 852 975 798 1235 
3971 624 584 639 1094 
3972 306 1010 849 1205 
3973 490 382 378 1022 
3974 903 984 1036 1127 
3975 899 1079 943 1193 
3976 692 819 307 1047 
3977 659 966 658 1289 
3978 904 1045 981 1100 
3979 1003 1135 1007 1150 
3980 470 398 396 1085 
3981 402 451 450 1050 
3982 976 1121 918 1164 
3983 211 1148 255 1159 
3984 1016 1071 918 1257 
3985 438 1031 469 1226 
3986 244 288 149 1030 
3987 769 945 1143 1276 
3988 215 223 304 1119 
3989 776 1066 980 1163 
3990 545 603 555 1027 
3991 848 809 869 1235 
3992 592 69 460 1211 
3993 985 1010 903 1195 
3994 946 1174 922 1233 
3995 904 981 1045 1206 
3996 760 975 822 1291 
3997 999 1012 922 1233 
3998 1107 1141 566 1192 
3999 984 1017 913 1211 
4000 337 242 244 1203 
4001 1071 1163 918 1257 
4002 572 1096 559 1232 
4003 917 978 1247 1249 
4004 773 972 772 1136 
4005 971 1147 185 1228 
4006 920 1087 1081 1146 
4007 1030 1180 986 1275 
4008 892 1003 1100 1227 
4009 925 942 1140 1190 
4010 280 224 204 987 
4011 919 1032 1141 1229 
4012 277 274 968 1231 
4013 986 1158 1073 1275 
4014 264 265 1152 1208 
4015 1075 922 1174 1305 
4016 979 1071 918 1209 
4017 535 533 1013 1166 
4018 786 1035 785 1168 
4019 655 670 1063 1105 
4020 177 1091 1194 1277 
4021 665 1032 674 1107 
4022 478 872 378 382 
4023 158 166 58 1093 
4024 345 1119 1033 1288 
4025 579 539 537 1248 
4026 778 1048 980 1274 
4027 492 452 362 1082 
4028 892 1154 1037 1259 
4029 917 1247 1047 1249 
4030 1003 1239 905 1269 
4031 1102 1263 929 1293 
4032 523 1144 961 1243 
4033 1014 1025 925 1125 
4034 155 601 636 1073 
4035 438 471 480 1019 
4036 693 825 792 1133 
4037 931 1003 1037 1227 
4038 995 1078 919 1102 
4039 1004 1088 928 1179 
4040 923 1088 1004 1179 
4041 930 1151 991 1265 
4042 954 1071 909 1142 
4043 804 757 989 1204 
4044 551 567 568 1139 
4045 903 1009 964 1109 
4046 346 1072 174 1108 
4047 921 966 1112 1223 
4048 1102 1184 919 1281 
4049 149 244 1030 1203 
4050 926 959 1053 1304 
4051 544 587 542 1219 
4052 958 1054 1287 1288 
4053 910 1022 942 1132 
4054 346 957 176 1277 
4055 942 1132 1022 1266 
4056 430 967 1178 1301 
4057 942 1022 910 1123 
4058 350 279 1035 1168 
4059 1009 1109 1029 1114 
4060 357 1191 991 1265 
4061 962 1127 894 1218 
4062 275 273 328 1066 
4063 1003 1120 1037 1239 
4064 655 656 670 1105 
4065 1003 1120 1239 1269 
4066 196 1131 976 1237 
4067 1041 1176 910 1225 
4068 263 972 264 1152 
4069 375 69 499 1211 
4070 968 918 1066 1257 
4071 187 1147 953 1228 
4072 1003 904 1135 1150 
4073 302 1143 349 1300 
4074 1132 1190 1077 1251 
4075 382 65 478 515 
4076 916 1197 1073 1272 
4077 575 552 521 1116 
4078 837 347 813 709 
4079 948 1130 1052 1217 
4080 991 1151 1117 1265 
4081 263 1018 162 1136 
4082 254 1029 1009 1195 
4083 501 600 72 1050 
4084 409 410 408 1222 
4085 220 277 319 1049 
4086 541 1101 969 1219 
4087 1045 1206 981 1217 
4088 663 974 1200 1234 
4089 966 921 1112 1200 
4090 274 275 277 968 
4091 646 1018 1063 1254 
4092 1055 1102 919 1281 
4093 778 980 776 1274 
4094 713 645 671 1019 
4095 924 1119 1033 1260 
4096 442 491 700 1155 
4097 1058 1157 973 1238 
4098 954 1071 979 1209 
4099 925 1125 1025 1215 
4100 283 211 255 1159 
4101 584 1094 583 1167 
4102 180 322 210 1091 
4103 681 663 1006 1234 
4104 240 1094 948 1203 
4105 368 1174 1075 1201 
4106 261 282 1063 1152 
4107 251 250 1272 1306 
4108 265 266 1117 1208 
4109 948 1052 897 1217 
4110 946 1081 922 1174 
4111 438 1019 480 1165 
4112 357 991 1117 1265 
4113 406 487 947 1099 
4114 290 360 331 958 
4115 922 951 1075 1186 
4116 893 1095 977 1216 
4117 447 462 1069 1267 
4118 586 1054 1033 1219 
4119 368 1075 1174 1305 
4120 1070 914 1175 1290 
4121 893 949 1216 1246 
4122 953 933 1090 1228 
4123 166 1093 167 1171 
4124 418 417 1146 1245 
4125 500 1075 440 1103 
4126 965 1184 1102 1281 
4127 1041 1123 910 1176 
4128 766 994 774 1162 
4129 892 1100 1003 1150 
4130 907 1214 1025 1235 
4131 826 307 315 1168 
4132 982 1173 952 1258 
4133 413 1088 410 1222 
4134 680 1032 667 1224 
4135 965 1102 1055 1281 
4136 170 171 169 983 
4137 296 1048 354 1279 
4138 1025 1207 925 1215 
4139 945 1133 226 1171 
4140 1001 898 1057 1239 
4141 507 606 641 1139 
4142 344 1047 819 1300 
4143 941 987 1198 1268 
4144 784 755 824 1143 
4145 686 995 651 1139 
4146 191 977 194 1177 
4147 303 971 185 1228 
4148 554 591 629 1167 
4149 171 983 170 1172 
4150 892 959 1154 1304 
4151 892 1118 1100 1150 
4152 336 232 231 1080 
4153 453 402 1050 1199 
4154 275 274 273 1066 
4155 663 668 660 1200 
4156 855 863 864 1093 
4157 915 1020 972 1303 
4158 877 1024 876 1129 
4159 962 1041 913 1278 
4160 517 984 570 1225 
4161 908 1005 1128 1289 
4162 947 1135 1007 1269 
4163 914 1187 1004 1236 
4164 1009 944 1109 1114 
4165 892 1037 1003 1227 
4166 245 1030 244 1212 
4167 254 1009 320 1195 
4168 908 1223 1061 1283 
4169 890 1040 999 1233 
4170 157 309 30 1224 
4171 1051 1198 987 1268 
4172 960 1068 943 1155 
4173 563 543 541 969 
4174 1022 1123 942 1266 
4175 948 1188 242 1203 
4176 861 1170 942 1190 
4177 271 200 973 1238 
4178 976 1231 1177 1286 
4179 1078 1102 995 1252 
4180 290 331 286 1054 
4181 926 1053 959 1284 
4182 383 1123 384 1176 
4183 650 651 606 1139 
4184 420 1086 446 1142 
4185 692 826 819 1047 
4186 942 925 1140 1241 
4187 270 1274 980 1296 
4188 519 520 521 1017 
4189 485 374 1234 1264 
4190 739 990 761 1149 
4191 1001 1083 905 1255 
4192 527 564 981 1144 
4193 283 280 184 1090 
4194 763 771 698 1082 
4195 252 1108 1029 1272 
4196 901 1152 1063 1196 
4197 924 969 1219 1287 
4198 167 168 169 1171 
4199 825 769 1133 1143 
4200 1090 1122 953 1148 
4201 994 1005 901 1113 
4202 338 1195 1010 1205 
4203 906 1122 1090 1148 
4204 417 1088 963 1245 
4205 265 357 355 991 
4206 1100 1118 938 1150 
4207 1045 1100 1003 1227 
4208 911 1030 986 1212 
4209 512 644 674 1107 
4210 946 1178 912 1183 
4211 322 176 332 1091 
4212 1060 1069 954 1183 
4213 907 975 1214 1235 
4214 868 889 888 996 
4215 789 473 106 1056 
4216 35 278 162 1018 
4217 499 516 68 1041 
4218 921 974 1039 1280 
4219 1032 1112 919 1141 
4220 846 874 878 1170 
4221 873 857 964 1299 
4222 909 1071 954 1209 
4223 893 977 1095 1169 
4224 251 1272 985 1306 
4225 1014 907 1093 1214 
4226 205 216 218 1191 
4227 280 224 987 1159 
4228 1007 1099 904 1135 
4229 403 406 1056 1099 
4230 926 1154 959 1304 
4231 988 1079 932 1182 
4232 911 1130 1030 1188 
4233 1006 1107 921 1200 
4234 787 1035 820 1080 
4235 806 761 739 990 
4236 200 973 1117 1296 
4237 361 382 383 1022 
4238 1087 1146 949 1245 
4239 900 1027 1089 1232 
4240 171 209 1076 1172 
4241 263 321 264 972 
4242 1057 1247 978 1276 
4243 840 378 883 1266 
4244 408 1064 1004 1290 
4245 673 691 644 1107 
4246 891 1182 1122 1193 
4247 940 1104 966 1281 
4248 710 868 842 1207 
4249 420 421 419 1002 
4250 200 1117 359 1296 
4251 285 1054 286 1288 
4252 271 270 1131 1296 
4253 913 962 1053 1218 
4254 560 1096 1078 1252 
4255 493 388 942 1266 
4256 334 273 270 1066 
4257 912 1092 1040 1183 
4258 327 165 511 348 
4259 588 587 559 1244 
4260 892 1154 997 1304 
4261 642 1234 374 1264 
4262 1012 1081 946 1202 
4263 780 147 835 1049 
4264 928 949 1137 1248 
4265 978 1076 945 1143 
4266 888 996 862 1207 
4267 753 738 782 1124 
4268 450 1050 451 1250 
4269 499 68 375 1041 
4270 98 767 465 1069 
4271 973 895 1121 1157 
4272 598 1211 1062 1243 
4273 924 969 1074 1216 
4274 929 1102 965 1184 
4275 666 657 1055 1224 
4276 171 173 209 1172 
4277 265 1152 991 1196 
4278 362 452 111 1082 
4279 792 301 822 709 
4280 660 966 1200 1289 
4281 1077 1132 942 1190 
4282 972 1018 901 1152 
4283 355 991 357 1191 
4284 194 1177 977 1237 
4285 657 1104 1055 1224 
4286 925 992 1140 1241 
4287 935 953 1122 1148 
4288 762 1142 699 1204 
4289 956 1052 981 1206 
4290 770 707 764 1115 
4291 674 1032 680 1139 
4292 986 1073 247 1275 
4293 786 785 753 1168 
4294 957 916 1108 1197 
4295 729 1059 727 1298 
4296 920 1081 1012 1202 
4297 852 884 975 1235 
4298 623 591 589 1153 
4299 183 303 185 1228 
4300 1014 1025 907 1214 
4301 729 731 1059 1298 
4302 443 68 516 1041 
4303 149 337 244 1203 
4304 925 950 1125 1215 
4305 859 1190 858 1251 
4306 780 779 751 1049 
4307 197 1238 1058 1265 
4308 971 1023 933 1228 
4309 983 944 1114 1262 
4310 1039 1165 908 1301 
4311 1081 1174 427 1201 
4312 1019 1128 908 1162 
4313 106 406 702 1056 
4314 173 1072 998 1172 
4315 730 729 731 1059 
4316 326 1035 227 1080 
4317 1033 1119 939 1260 
4318 498 155 636 1275 
4319 1054 1089 958 1287 
4320 992 1218 962 1241 
4321 1022 1129 866 1132 
4322 895 1000 1121 1157 
4323 965 1111 890 1281 
4324 984 903 1116 1181 
4325 272 273 274 1066 
4326 535 1013 1098 1166 
4327 765 1025 768 1215 
4328 345 1033 285 1288 
4329 1095 1098 970 1273 
4330 902 1098 1095 1273 
4331 300 793 704 1136 
4332 925 1140 996 1190 
4333 889 878 862 1170 
4334 680 1139 1032 1224 
4335 950 925 1115 1215 
4336 988 1187 1004 1295 
4337 170 169 168 983 
4338 870 851 882 1024 
4339 499 1041 375 1211 
4340 952 1189 1056 1242 
4341 928 1236 988 1273 
4342 664 1006 663 1200 
4343 962 913 1053 1278 
4344 980 1048 915 1296 
4345 1058 1238 973 1265 
4346 987 1090 906 1261 
4347 247 1073 986 1197 
4348 229 213 1168 1268 
4349 748 1126 768 1291 
4350 1002 422 1146 1267 
4351 856 1251 1014 1302 
4352 895 973 1151 1157 
4353 664 681 663 1006 
4354 460 1062 592 1211 
4355 845 57 852 975 
4356 871 866 872 1022 
4357 686 995 1139 1224 
4358 852 884 845 975 
4359 584 583 554 1167 
4360 986 1030 911 1180 
4361 277 220 318 1034 
4362 186 208 211 1148 
4363 903 1109 964 1127 
4364 890 1184 965 1281 
4365 450 501 1050 1250 
4366 794 1048 296 1279 
4367 157 1055 312 1102 
4368 1077 1190 1014 1251 
4369 237 1094 639 1167 
4370 456 402 453 1199 
4371 381 483 879 468 
4372 383 493 385 1123 
4373 261 262 282 1152 
4374 669 645 678 1019 
4375 321 263 356 1279 
4376 946 1174 967 1178 
4377 162 263 262 1152 
4378 244 1030 242 1188 
4379 501 450 73 1250 
4380 1055 1102 965 1294 
4381 700 803 1068 1155 
4382 926 959 1083 1284 
4383 701 1149 1085 1255 
4384 216 965 1293 1294 
4385 927 1173 1056 1242 
4386 949 1245 1146 1246 
4387 178 177 1194 1277 
4388 528 530 585 1230 
4389 321 972 263 1279 
4390 593 503 563 1087 
4391 163 852 57 975 
4392 693 792 301 1133 
4393 934 1121 1000 1157 
4394 360 1253 958 1263 
4395 273 272 270 1066 
4396 528 1052 530 1230 
4397 186 953 1090 1228 
4398 1035 1148 906 1159 
4399 1030 1188 244 1212 
4400 508 618 571 1181 
4401 263 1136 356 1279 
4402 973 200 1117 1265 
4403 352 590 151 1153 
4404 949 1146 1087 1246 
4405 524 523 525 1180 
4406 952 1056 1173 1242 
4407 1001 1057 743 1149 
4408 898 998 1037 1259 
4409 686 647 995 1224 
4410 913 1278 1062 1304 
4411 1007 1135 1003 1269 
4412 1093 1171 975 1214 
4413 531 530 1052 1230 
4414 174 1072 201 1108 
4415 166 158 167 1093 
4416 924 1101 1216 1260 
4417 1031 1165 908 1226 
4418 540 1033 556 1260 
4419 522 520 523 1158 
4420 357 991 265 1117 
4421 333 238 235 496 
4422 933 987 1240 1261 
4423 926 1082 1001 1270 
4424 410 413 415 1088 
4425 912 1061 1040 1092 
4426 435 1165 974 1280 
4427 901 1005 1105 1254 
4428 192 976 276 1231 
4429 461 459 391 1278 
4430 232 827 694 1080 
4431 900 1089 1027 1256 
4432 561 634 575 1306 
4433 839 796 773 1136 
4434 896 1135 1173 1269 
4435 172 201 174 1072 
4436 408 1004 454 1290 
4437 35 162 689 1018 
4438 256 228 314 1300 
4439 923 963 1088 1179 
4440 575 1205 985 1306 
4441 1034 1231 899 1286 
4442 1118 1144 938 1243 
4443 344 819 307 145 
4444 501 72 450 1050 
4445 933 1213 1090 1228 
4446 651 29 165 995 
4447 961 1144 1118 1243 
4448 326 350 279 1035 
4449 282 1152 265 1196 
4450 459 384 386 1123 
4451 598 592 1062 1211 
4452 322 1091 177 1277 
4453 921 1145 1039 1223 
4454 636 601 155 498 
4455 910 1129 1022 1132 
4456 331 958 360 1253 
4457 777 829 776 1066 
4458 344 819 145 1300 
4459 270 269 1274 1296 
4460 1086 1142 909 1204 
4461 945 1076 978 1276 
4462 380 480 1019 1264 
4463 906 1090 987 1159 
4464 564 604 527 981 
4465 241 1134 948 1185 
4466 282 1063 1152 1196 
4467 908 1005 994 1162 
4468 925 1014 1077 1190 
4469 891 1079 1182 1193 
4470 986 1197 957 1212 
4471 1000 1121 1164 1209 
4472 654 678 679 1005 
4473 683 668 663 974 
4474 742 1057 744 1276 
4475 57 845 166 975 
4476 739 761 741 1149 
4477 1014 1251 1190 1302 
4478 238 496 623 1153 
4479 701 1085 470 1255 
4480 536 537 538 1098 
4481 980 1066 918 1163 
4482 391 1053 461 1278 
4483 946 967 1174 1233 
4484 942 1077 925 1241 
4485 1054 1219 1089 1287 
4486 926 1083 959 1154 
4487 959 1083 905 1154 
4488 948 1188 911 1217 
4489 502 608 597 1175 
4490 902 1084 1026 1285 
4491 442 409 491 960 
4492 1037 1154 898 1259 
4493 441 1220 1062 1278 
4494 931 1072 998 1277 
4495 1064 1110 927 1187 
4496 921 1141 1107 1192 
4497 918 1071 979 1163 
4498 728 730 779 1059 
4499 1048 1208 915 1296 
4500 913 1041 984 1211 
4501 647 309 995 1224 
4502 992 1115 925 1140 
4503 900 1089 969 1287 
4504 1029 1108 916 1272 
4505 869 886 848 1235 
4506 438 471 1019 1226 
4507 526 1130 1030 1180 
4508 1122 1182 953 1193 
4509 426 427 1081 1174 
4510 300 1136 704 1279 
4511 301 792 822 1133 
4512 1001 905 1154 1239 
4513 397 1199 456 1220 
4514 516 569 1176 1225 
4515 518 520 519 1017 
4516 921 1112 1145 1223 
4517 903 1036 1029 1109 
4518 197 200 1238 1265 
4519 667 680 676 1032 
4520 719 1020 717 1210 
4521 921 951 1112 1141 
4522 1103 1141 921 1192 
4523 689 1018 646 1254 
4524 438 1019 1165 1226 
4525 414 996 1140 1170 
4526 763 950 1115 1215 
4527 925 1077 942 1190 
4528 972 1136 263 1279 
4529 657 658 656 1104 
4530 1006 1200 974 1234 
4531 678 1005 677 1289 
4532 907 1171 1093 1214 
4533 566 1107 567 1141 
4534 982 1124 941 1198 
4535 192 193 976 1177 
4536 947 1173 1135 1269 
4537 970 1216 1101 1260 
4538 264 972 321 1208 
4539 972 264 1152 1208 
4540 559 958 1232 1244 
4541 232 326 227 1080 
4542 465 467 431 1178 
4543 685 1105 677 1254 
4544 926 997 1154 1304 
4545 181 183 184 1213 
4546 921 1112 951 1145 
4547 311 1119 345 1288 
4548 463 404 411 1064 
4549 259 169 171 1076 
4550 960 1187 1064 1242 
4551 616 333 150 1167 
4552 775 706 817 1113 
4553 1028 1081 920 1087 
4554 443 375 68 1041 
4555 652 653 649 1018 
4556 554 1011 591 1167 
4557 752 1020 719 1303 
4558 1078 1097 550 1229 
4559 1088 1179 963 1245 
4560 477 387 378 840 
4561 526 1030 580 1180 
4562 953 935 1122 1193 
4563 480 1165 1019 1264 
4564 419 418 417 1146 
4565 1194 1213 987 1240 
4566 943 1079 1122 1193 
4567 1033 1219 924 1260 
4568 209 998 291 1249 
4569 805 474 102 790 
4570 196 976 193 1237 
4571 582 1073 561 1158 
4572 970 1098 939 1260 
4573 825 769 758 1133 
4574 951 890 1112 1184 
4575 990 1124 982 1198 
4576 278 263 162 1136 
4577 672 1019 669 1264 
4578 984 910 1127 1225 
4579 356 1136 300 1279 
4580 255 227 326 1035 
4581 307 819 692 145 
4582 229 307 344 1047 
4583 719 717 718 1210 
4584 960 1064 1189 1242 
4585 548 550 1078 1097 
4586 312 1293 1102 1294 
4587 934 977 1237 1292 
4588 291 209 173 998 
4589 521 520 522 1158 
4590 931 1194 1091 1277 
4591 654 649 653 1254 
4592 851 882 1024 1138 
4593 885 63 160 1010 
4594 912 1031 994 1160 
4595 707 482 114 996 
4596 728 727 729 1059 
4597 1005 1113 994 1162 
4598 395 441 393 1220 
4599 919 951 1184 1229 
4600 914 956 1106 1110 
4601 871 866 1022 1129 
4602 544 542 1089 1219 
4603 892 1156 997 1259 
4604 276 976 196 1131 
4605 669 671 645 1019 
4606 533 608 535 1013 
4607 863 1093 845 1214 
4608 1079 1193 899 1286 
4609 1062 1211 460 1278 
4610 969 1074 920 1256 
4611 894 1077 964 1127 
4612 890 951 1112 1145 
4613 435 434 1165 1280 
4614 919 951 1112 1184 
4615 787 734 785 1161 
4616 761 1085 701 1149 
4617 927 1187 1110 1282 
4618 192 318 1034 1231 
4619 1056 1099 927 1297 
4620 566 619 1107 1192 
4621 469 1178 1031 1301 
4622 408 410 454 1004 
4623 725 804 727 1016 
4624 571 1181 1024 1225 
4625 271 973 200 1296 
4626 951 1075 1103 1145 
4627 826 815 315 307 
4628 661 676 665 1032 
4629 815 826 315 1168 
4630 768 1025 765 1235 
4631 578 557 577 1248 
4632 278 162 1018 1136 
4633 935 953 1148 1307 
4634 940 1281 966 1283 
4635 322 176 1091 1277 
4636 933 1213 955 1240 
4637 1039 1223 967 1301 
4638 755 1143 978 1276 
4639 956 914 1106 1175 
4640 439 444 425 1081 
4641 525 1130 526 1180 
4642 354 267 321 1279 
4643 216 1293 312 1294 
4644 683 1234 642 1264 
4645 863 855 841 1093 
4646 677 1105 1005 1254 
4647 575 633 576 1205 
4648 179 1194 180 1213 
4649 650 606 507 1139 
4650 808 774 752 1113 
4651 722 776 778 1163 
4652 399 1007 398 1099 
4653 415 454 410 1004 
4654 453 402 450 1050 
4655 245 986 247 1275 
4656 748 749 768 1126 
4657 167 158 168 1093 
4658 907 975 1171 1214 
4659 278 35 652 1018 
4660 357 265 266 1117 
4661 436 435 485 974 
4662 279 229 213 1168 
4663 889 862 996 1170 
4664 1045 1091 911 1227 
4665 973 1131 271 1238 
4666 1029 1109 936 1114 
4667 570 1181 571 1225 
4668 435 485 974 1264 
4669 1083 1085 905 1255 
4670 662 1128 678 1289 
4671 190 214 215 1026 
4672 511 628 614 348 
4673 937 1166 993 1230 
4674 903 1036 1109 1127 
4675 683 668 974 1264 
4676 700 790 103 1068 
4677 338 160 1010 1195 
4678 686 647 651 995 
4679 880 861 1170 1266 
4680 211 1090 186 1148 
4681 540 586 556 1033 
4682 943 1068 989 1298 
4683 216 230 218 1294 
4684 501 564 600 1050 
4685 642 374 690 1264 
4686 246 288 244 1275 
4687 388 1170 942 1266 
4688 898 1067 1259 1270 
4689 987 1159 941 1261 
4690 303 183 206 1023 
4691 927 1064 1042 1110 
4692 59 863 841 1093 
4693 1057 990 1149 1239 
4694 765 1207 1025 1215 
4695 690 458 672 1264 
4696 891 1122 1079 1193 
4697 378 887 840 883 
4698 282 153 1063 1196 
4699 1004 914 1070 1290 
4700 580 582 524 1180 
4701 329 995 234 1252 
4702 863 864 1093 1214 
4703 764 1207 765 1215 
4704 439 1081 427 1201 
4705 400 399 398 1099 
4706 760 838 837 975 
4707 342 498 324 1275 
4708 553 1030 526 1130 
4709 920 1081 1028 1256 
4710 953 935 1193 1307 
4711 903 1029 1009 1109 
4712 296 269 354 1048 
4713 406 400 487 1099 
4714 801 1001 743 1149 
4715 931 1037 1003 1120 
4716 632 293 1096 1252 
4717 324 155 498 342 
4718 955 1045 1091 1217 
4719 592 499 69 1211 
4720 993 1166 937 1221 
4721 322 210 1091 1188 
4722 920 1087 1146 1246 
4723 683 974 663 1234 
4724 215 1026 214 1285 
4725 665 674 644 1107 
4726 508 576 1010 1181 
4727 1022 1129 910 1176 
4728 630 559 1096 1244 
4729 328 828 695 316 
4730 1106 1175 914 1290 
4731 742 744 755 1276 
4732 354 1048 267 1279 
4733 498 342 155 1275 
4734 531 530 529 1052 
4735 1033 1054 924 1219 
4736 772 1136 972 1279 
4737 218 1196 1191 1294 
4738 803 790 1068 1298 
4739 381 114 482 996 
4740 1031 908 1165 1301 
4741 780 751 827 1080 
4742 57 166 163 975 
4743 933 1240 1043 1261 
4744 501 73 596 1250 
4745 375 1211 1041 1278 
4746 967 1145 890 1223 
4747 918 973 1121 1131 
4748 651 647 29 995 
4749 632 599 293 1252 
4750 158 58 863 1093 
4751 366 98 465 1069 
4752 892 961 1100 1118 
4753 997 926 1218 1304 
4754 630 559 572 1096 
4755 1039 1165 434 1280 
4756 857 1251 964 1299 
4757 630 1096 495 1244 
4758 1097 1184 951 1229 
4759 198 1038 203 1253 
4760 500 84 573 1103 
4761 261 282 153 1063 
4762 755 1247 978 1300 
4763 782 1047 826 1168 
4764 1026 1084 214 1285 
4765 704 793 831 1136 
4766 666 657 643 1055 
4767 895 1157 1012 1202 
4768 257 1133 975 1171 
4769 1030 1188 948 1203 
4770 436 974 485 1234 
4771 947 1099 1007 1135 
4772 153 655 33 1063 
4773 59 258 158 1093 
4774 1064 1187 927 1242 
4775 815 315 350 1168 
4776 888 862 867 1207 
4777 991 1092 915 1151 
4778 280 283 224 1159 
4779 931 1091 1227 1277 
4780 491 104 700 1155 
4781 660 659 658 1289 
4782 950 1067 1065 1270 
4783 443 1041 516 1176 
4784 255 1035 279 1159 
4785 929 1097 1027 1232 
4786 633 1205 575 1306 
4787 840 387 378 1266 
4788 911 1091 1045 1217 
4789 470 1083 405 1255 
4790 894 1109 1036 1127 
4791 605 508 576 1010 
4792 987 1090 933 1213 
4793 844 1009 873 1138 
4794 824 693 816 1143 
4795 364 104 491 1155 
4796 322 177 176 1277 
4797 902 1098 1013 1166 
4798 1095 1179 988 1273 
4799 946 1069 1178 1183 
4800 222 235 1011 1285 
4801 547 1097 548 1232 
4802 306 160 63 1010 
4803 700 802 803 1155 
4804 395 393 394 1284 
4805 849 850 847 1010 
4806 196 1131 1237 1238 
4807 301 159 693 1133 
4808 151 352 617 590 
4809 957 911 1091 1227 
4810 1009 1029 903 1195 
4811 928 1013 1236 1273 
4812 991 915 1117 1151 
4813 170 1114 172 1172 
4814 403 1056 473 1189 
4815 938 1199 1150 1220 
4816 1019 908 1165 1226 
4817 503 603 563 1028 
4818 178 204 1051 1194 
4819 901 1105 1063 1254 
4820 601 1073 155 1306 
4821 436 435 974 1280 
4822 580 1030 625 1275 
4823 671 669 672 1019 
4824 364 797 104 1155 
4825 953 1193 1034 1307 
4826 505 70 372 1062 
4827 560 1078 562 1252 
4828 627 560 562 1252 
4829 965 1281 1055 1294 
4830 573 566 1141 1192 
4831 924 1101 969 1216 
4832 503 80 444 1087 
4833 257 975 166 1171 
4834 383 384 361 1176 
4835 698 810 111 1082 
4836 963 1179 893 1246 
4837 547 1027 1097 1232 
4838 705 809 848 1235 
4839 527 525 564 1144 
4840 227 255 211 1148 
4841 955 1194 931 1271 
4842 304 311 194 1119 
4843 924 1054 1033 1288 
4844 405 110 788 486 
4845 1060 1069 912 1160 
4846 1045 1240 955 1271 
4847 253 254 1029 1114 
4848 1062 1220 1118 1304 
4849 474 103 790 1068 
4850 934 1157 1058 1238 
4851 844 320 61 1009 
4852 490 493 383 1266 
4853 967 1301 430 1305 
4854 517 570 569 1225 
4855 917 1124 1198 1268 
4856 880 1170 874 1266 
4857 957 1108 916 1156 
4858 685 670 677 1105 
4859 360 958 1244 1263 
4860 298 207 1008 1263 
4861 746 1065 747 1126 
4862 109 701 470 1255 
4863 276 976 1131 1231 
4864 222 221 235 1285 
4865 585 1094 1203 1230 
4866 900 1253 958 1287 
4867 486 362 1082 1284 
4868 380 458 466 1264 
4869 652 811 36 339 
4870 286 1054 331 1288 
4871 910 1123 1022 1176 
4872 1053 1218 926 1304 
4873 973 915 1117 1296 
4874 908 974 1128 1165 
4875 271 200 359 1296 
4876 1042 1064 927 1297 
4877 221 1011 235 1285 
4878 1080 1148 219 1307 
4879 694 832 146 820 
4880 1146 1245 963 1246 
4881 566 619 567 1107 
4882 174 175 173 1072 
4883 718 1060 721 1210 
4884 547 548 546 1232 
4885 267 1208 321 1279 
4886 158 258 168 1093 
4887 522 523 524 1158 
4888 229 1168 1047 1268 
4889 170 983 1114 1172 
4890 917 978 1057 1247 
4891 737 735 799 1258 
4892 794 834 1048 1279 
4893 1023 1134 182 1185 
4894 908 1019 1162 1226 
4895 207 202 298 1008 
4896 210 1134 1091 1188 
4897 694 146 232 820 
4898 562 641 628 995 
4899 328 828 316 275 
4900 778 776 829 1274 
4901 925 1025 1014 1302 
4902 489 992 390 1140 
4903 312 1102 1055 1294 
4904 590 556 631 1033 
4905 644 512 673 1107 
4906 760 838 975 1235 
4907 365 446 1086 1204 
4908 261 153 33 1063 
4909 488 379 648 682 
4910 820 785 786 1035 
4911 1096 1232 958 1244 
4912 906 1159 987 1261 
4913 921 1112 1032 1141 
4914 927 1242 1187 1282 
4915 239 1094 237 1167 
4916 285 310 151 1033 
4917 374 458 690 1264 
4918 925 1014 1190 1302 
4919 387 490 378 1266 
4920 293 632 495 599 
4921 1001 1154 926 1270 
4922 197 1058 199 1265 
4923 782 826 753 1168 
4924 897 1110 1021 1206 
4925 265 991 355 1196 
4926 341 159 1133 1143 
4927 717 719 752 1020 
4928 419 1002 422 1146 
4929 151 617 494 631 
4930 194 1119 311 1292 
4931 828 777 750 1066 
4932 589 556 1153 1260 
4933 977 1177 1169 1237 
4934 973 271 1131 1296 
4935 1064 1106 1042 1110 
4936 880 865 861 1266 
4937 804 762 699 1204 
4938 898 1065 1067 1270 
4939 1010 1195 985 1205 
4940 281 192 318 1034 
4941 368 1174 429 1305 
4942 992 1082 950 1115 
4943 815 826 692 307 
4944 957 1227 1091 1277 
4945 1015 1110 914 1187 
4946 915 973 1117 1151 
4947 808 752 773 1113 
4948 803 757 790 1298 
4949 1088 1137 928 1245 
4950 362 392 492 1284 
4951 940 1055 1104 1281 
4952 192 193 276 976 
4953 881 872 887 478 
4954 1021 1240 1045 1271 
4955 35 689 652 1018 
4956 287 285 286 1288 
4957 833 1048 834 1279 
4958 704 1136 831 1279 
4959 1032 1107 921 1141 
4960 467 1031 431 1178 
4961 972 321 1208 1279 
4962 485 1234 974 1264 
4963 820 787 785 1035 
4964 819 830 145 1300 
4965 776 1066 1163 1257 
4966 403 1056 1189 1297 
4967 927 1056 1189 1242 
4968 31 666 643 1055 
4969 765 768 749 1215 
4970 403 400 406 1099 
4971 543 542 541 1219 
4972 511 599 627 1252 
4973 1008 1253 298 1263 
4974 353 1196 218 1294 
4975 830 692 819 145 
4976 976 1237 1131 1238 
4977 710 712 868 1207 
4978 293 599 161 1252 
4979 545 1089 1027 1232 
4980 1005 1105 677 1289 
4981 938 1150 959 1220 
4982 525 527 526 1130 
4983 190 215 304 1026 
4984 930 1111 965 1191 
4985 206 1023 182 1185 
4986 867 1207 862 1302 
4987 427 1174 368 1201 
4988 486 110 810 362 
4989 178 175 177 1277 
4990 407 491 409 1189 
4991 202 298 1008 1253 
4992 64 340 849 613 
4993 547 545 1027 1232 
4994 911 1100 1045 1227 
4995 364 407 473 1189 
4996 1169 1177 976 1237 
4997 831 1136 772 1279 
4998 1048 1208 267 1279 
4999 425 426 1081 1267 
5000 526 553 580 1030 
5001 801 754 743 1001 
5002 313 497 624 1094 
5003 766 715 774 994 
5004 823 780 835 1049 
5005 412 445 413 1222 
5006 178 179 204 1194 
5007 431 1031 469 1178 
5008 913 997 1218 1304 
5009 293 495 632 1096 
5010 315 307 229 1168 
5011 941 1198 1124 1268 
5012 911 957 1091 1212 
5013 335 254 320 1195 
5014 282 262 265 1152 
5015 367 469 1031 1226 
5016 1075 1174 922 1201 
5017 268 269 270 1296 
5018 76 502 448 1070 
5019 590 556 1033 1153 
5020 245 247 246 1275 
5021 966 1105 940 1283 
5022 558 597 531 1175 
5023 900 969 1089 1256 
5024 251 250 249 1272 
5025 544 1089 545 1232 
5026 326 279 255 1035 
5027 941 982 1198 1261 
5028 900 958 1089 1287 
5029 490 383 1022 1266 
5030 193 196 276 976 
5031 959 1220 1053 1304 
5032 782 1047 1124 1247 
5033 1006 1200 921 1280 
5034 777 812 836 148 
5035 212 178 1051 1249 
5036 550 1097 549 1229 
5037 680 674 665 1032 
5038 941 1198 987 1261 
5039 447 462 366 1069 
5040 985 1205 325 1306 
5041 667 1104 657 1224 
5042 1033 1153 556 1260 
5043 489 452 492 992 
5044 918 1164 1121 1209 
5045 879 712 115 381 
5046 266 1117 1208 1296 
5047 964 1109 894 1127 
5048 919 1104 1032 1224 
5049 990 917 1120 1239 
5050 1025 1207 886 1302 
5051 859 858 856 1251 
5052 505 592 70 1062 
5053 296 269 1048 1274 
5054 557 535 608 1013 
5055 988 891 1187 1295 
5056 939 1153 1011 1285 
5057 529 1052 528 1130 
5058 500 440 84 1103 
5059 272 271 270 1131 
5060 823 835 695 316 
5061 636 1073 601 1306 
5062 488 379 472 648 
5063 491 407 364 1189 
5064 198 1058 197 1238 
5065 1063 1105 670 1254 
5066 156 356 300 1279 
5067 610 570 552 1116 
5068 380 466 480 1264 
5069 929 965 1102 1293 
5070 666 667 657 1224 
5071 245 1197 986 1212 
5072 916 1158 1073 1197 
5073 223 222 310 1153 
5074 911 1188 1030 1212 
5075 198 203 202 1253 
5076 580 581 625 1030 
5077 890 1145 967 1233 
5078 1052 1206 897 1217 
5079 818 996 712 1207 
5080 886 1025 869 1207 
5081 243 244 1188 1212 
5082 380 471 94 1019 
5083 320 152 61 1009 
5084 251 985 325 1306 
5085 861 862 878 1170 
5086 548 549 550 1097 
5087 406 106 473 1056 
5088 346 176 174 1277 
5089 1119 1288 311 1292 
5090 948 1203 1094 1230 
5091 1047 1124 917 1268 
5092 653 1018 689 1254 
5093 912 1160 1069 1178 
5094 187 185 1147 1228 
5095 367 438 469 1226 
5096 503 593 80 1087 
5097 365 474 102 805 
5098 946 1202 1081 1267 
5099 570 1116 610 1181 
5100 1047 1249 228 1268 
5101 865 1022 866 1132 
5102 441 1062 460 1278 
5103 479 1006 436 1234 
5104 377 874 1170 1266 
5105 989 1086 909 1204 
5106 505 598 592 1062 
5107 782 1124 740 1247 
5108 592 460 70 1062 
5109 505 598 1062 1243 
5110 902 971 1084 1221 
5111 630 495 620 1244 
5112 794 833 834 1279 
5113 927 1021 1043 1282 
5114 587 1054 542 1219 
5115 494 586 622 1054 
5116 149 640 581 288 
5117 816 693 159 1143 
5118 778 834 1048 1274 
5119 252 1029 335 1195 
5120 967 1174 1233 1305 
5121 955 1240 1194 1271 
5122 919 1032 1139 1224 
5123 610 1116 552 1181 
5124 742 743 744 1057 
5125 896 1021 1135 1271 
5126 414 1140 388 1170 
5127 924 969 1101 1219 
5128 919 1032 1104 1112 
5129 175 1072 174 1277 
5130 153 353 317 1294 
5131 235 150 333 1167 
5132 287 345 285 1288 
5133 391 393 461 1053 
5134 482 414 381 996 
5135 620 495 154 1244 
5136 890 1111 1061 1283 
5137 899 1164 1044 1169 
5138 426 427 425 1081 
5139 247 986 245 1197 
5140 212 291 178 1249 
5141 924 1219 1101 1260 
5142 1072 1172 936 1259 
5143 936 1114 1109 1262 
5144 293 495 1096 1244 
5145 1025 1214 886 1235 
5146 920 1000 1074 1246 
5147 624 1094 497 1203 
5148 205 1008 207 1293 
5149 974 1200 1006 1280 
5150 891 1079 988 1182 
5151 179 180 181 1213 
5152 896 990 1198 1269 
5153 335 320 160 1195 
5154 322 243 210 1188 
5155 930 991 1191 1265 
5156 915 972 1208 1303 
5157 146 315 350 815 
5158 683 974 1234 1264 
5159 309 29 647 995 
5160 898 1001 1065 1270 
5161 922 1081 1028 1201 
5162 262 264 265 1152 
5163 309 165 29 995 
5164 322 1091 332 1212 
5165 914 1004 1187 1290 
5166 358 1108 252 1272 
5167 810 362 111 1082 
5168 1064 1187 1004 1290 
5169 754 1001 801 1255 
5170 271 197 200 1238 
5171 914 1187 1064 1290 
5172 685 670 1105 1254 
5173 205 202 207 1008 
5174 61 152 853 1009 
5175 471 708 94 1019 
5176 996 1207 925 1302 
5177 235 238 222 1153 
5178 964 944 1109 1299 
5179 469 431 467 1031 
5180 990 1120 917 1198 
5181 342 247 1073 1275 
5182 851 876 877 1024 
5183 407 409 408 1189 
5184 755 769 1143 1276 
5185 465 447 1069 1178 
5186 398 397 396 1007 
5187 1110 1187 1015 1282 
5188 607 1144 523 1243 
5189 335 1029 254 1195 
5190 157 312 234 1102 
5191 996 925 1190 1302 
5192 263 264 262 1152 
5193 827 787 820 1080 
5194 650 686 651 1139 
5195 343 237 639 1167 
5196 547 1027 555 1186 
5197 706 808 773 1113 
5198 776 1163 724 1257 
5199 974 921 1200 1280 
5200 646 261 33 1063 
5201 460 372 70 1062 
5202 712 114 381 996 
5203 219 1080 227 1148 
5204 322 1091 243 1188 
5205 700 103 442 1068 
5206 573 1103 376 1192 
5207 156 300 704 1279 
5208 913 1218 1053 1304 
5209 634 636 601 1306 
5210 995 919 1139 1224 
5211 915 1048 1210 1303 
5212 991 1117 915 1208 
5213 560 632 1096 1252 
5214 245 248 1197 1212 
5215 958 1232 1096 1263 
5216 1004 1088 923 1222 
5217 522 561 521 1158 
5218 146 832 815 786 
5219 612 1186 555 1201 
5220 1004 1187 960 1295 
5221 36 652 339 278 
5222 529 528 527 1130 
5223 547 546 545 1232 
5224 938 1118 1062 1220 
5225 341 159 301 1133 
5226 236 239 237 1167 
5227 916 986 1158 1197 
5228 173 172 174 1072 
5229 902 1095 988 1273 
5230 1026 1119 939 1285 
5231 172 1072 173 1172 
5232 418 369 423 1245 
5233 612 1075 1186 1201 
5234 432 1301 1039 1305 
5235 522 524 582 1158 
5236 189 188 190 1147 
5237 584 616 639 1167 
5238 712 707 114 996 
5239 259 209 260 1076 
5240 1029 1195 252 1272 
5241 469 467 367 1031 
5242 726 725 727 1016 
5243 594 603 503 1028 
5244 1033 1119 924 1288 
5245 172 170 253 1114 
5246 1001 1149 801 1255 
5247 201 252 358 1108 
5248 798 848 852 1235 
5249 483 879 115 381 
5250 878 874 880 1170 
5251 955 1213 1194 1240 
5252 431 1178 469 1301 
5253 445 474 365 1086 
5254 750 1066 776 1257 
5255 708 1019 471 1226 
5256 540 1101 1219 1260 
5257 1042 1106 463 1250 
5258 1019 1128 669 1264 
5259 1000 1202 895 1209 
5260 497 1094 313 1203 
5261 621 571 1129 1225 
5262 233 234 1102 1252 
5263 915 1208 1048 1303 
5264 967 1233 1145 1305 
5265 31 643 317 1055 
5266 741 743 1057 1149 
5267 194 1237 977 1292 
5268 281 187 189 1147 
5269 221 1084 1011 1285 
5270 961 1158 986 1180 
5271 1191 1196 1111 1294 
5272 690 458 684 672 
5273 380 94 713 1019 
5274 973 1117 1151 1265 
5275 824 755 769 1143 
5276 816 159 302 1143 
5277 899 1164 1169 1286 
5278 185 187 186 1228 
5279 748 746 1126 1291 
5280 109 470 405 1255 
5281 355 991 1191 1196 
5282 766 774 775 1162 
5283 843 513 877 1129 
5284 338 160 306 1010 
5285 874 840 880 1266 
5286 572 560 632 1096 
5287 965 1191 1111 1294 
5288 685 646 670 1254 
5289 896 1043 1021 1240 
5290 913 1053 1278 1304 
5291 432 1039 1103 1305 
5292 330 360 1244 1263 
5293 1103 1145 1075 1305 
5294 932 1169 977 1177 
5295 662 678 677 1289 
5296 745 1065 746 1276 
5297 966 1281 1112 1283 
5298 369 80 593 1087 
5299 1018 1063 901 1152 
5300 235 221 236 1011 
5301 306 64 340 849 
5302 850 1010 885 1138 
5303 515 510 621 1129 
5304 874 377 840 1266 
5305 925 1077 1014 1125 
5306 936 1114 983 1172 
5307 849 306 63 1010 
5308 828 812 328 695 
5309 609 541 539 1101 
5310 251 1195 985 1272 
5311 928 970 1248 1273 
5312 276 1131 272 1231 
5313 157 666 31 1055 
5314 831 773 772 1136 
5315 975 760 1235 1291 
5316 844 873 882 1138 
5317 543 1089 542 1219 
5318 863 59 158 1093 
5319 721 718 795 1060 
5320 646 33 655 1063 
5321 701 801 1149 1255 
5322 844 61 853 1009 
5323 921 1107 1006 1192 
5324 193 976 1177 1237 
5325 690 687 642 1264 
5326 653 689 646 1254 
5327 535 1098 534 1166 
5328 247 250 1073 1197 
5329 646 1063 670 1254 
5330 823 781 779 1049 
5331 936 1156 1072 1259 
5332 351 147 319 1049 
5333 862 1170 861 1190 
5334 901 1063 1018 1254 
5335 424 1087 369 1146 
5336 522 582 561 1158 
5337 1111 1281 965 1294 
5338 371 73 450 1250 
5339 379 87 514 682 
5340 293 154 495 1244 
5341 977 924 1119 1292 
5342 941 1124 1047 1268 
5343 378 887 872 478 
5344 587 586 542 1054 
5345 744 745 746 1276 
5346 940 1281 1111 1294 
5347 675 648 457 1234 
5348 922 1174 1081 1201 
5349 359 266 268 1296 
5350 924 1219 1054 1288 
5351 982 1161 906 1261 
5352 931 1003 1227 1271 
5353 434 1039 433 1165 
5354 914 1106 1064 1110 
5355 1039 1145 967 1223 
5356 211 283 186 1090 
5357 484 1192 1103 1280 
5358 487 398 363 1085 
5359 764 818 765 1207 
5360 359 1117 266 1296 
5361 886 1214 884 1235 
5362 472 457 648 1234 
5363 1030 1130 911 1180 
5364 797 700 104 1155 
5365 353 218 230 1294 
5366 360 298 1253 1263 
5367 542 1054 586 1219 
5368 654 677 1005 1254 
5369 810 771 754 1082 
5370 502 577 608 1070 
5371 1085 1149 905 1255 
5372 732 733 734 1046 
5373 1096 1232 929 1263 
5374 726 725 1016 1257 
5375 1064 927 1189 1242 
5376 573 566 565 1141 
5377 902 1015 1221 1236 
5378 198 202 199 1058 
5379 890 1281 1111 1283 
5380 849 63 885 1010 
5381 547 545 555 1027 
5382 731 733 732 1046 
5383 988 1079 891 1295 
5384 904 1045 1021 1206 
5385 789 702 799 1258 
5386 856 1014 875 1302 
5387 759 778 834 1048 
5388 523 607 525 1144 
5389 1042 1106 956 1110 
5390 1062 1118 913 1304 
5391 242 1134 210 1188 
5392 546 544 545 1232 
5393 923 1079 988 1295 
5394 150 343 639 1167 
5395 584 624 583 1094 
5396 257 301 323 1133 
5397 76 370 577 1070 
5398 912 1178 1069 1183 
5399 1073 1158 986 1197 
5400 768 1235 760 1291 
5401 893 1074 1000 1246 
5402 436 1234 1006 1280 
5403 888 889 862 996 
5404 1009 903 1138 1195 
5405 821 1019 708 1162 
5406 235 1011 236 1167 
5407 987 1198 896 1261 
5408 549 1097 547 1186 
5409 928 988 1179 1273 
5410 76 577 502 1070 
5411 252 254 335 1029 
5412 76 448 370 1070 
5413 746 745 747 1065 
5414 915 1208 1117 1296 
5415 896 982 1173 1261 
5416 996 1170 862 1190 
5417 547 1097 1027 1186 
5418 974 1165 1039 1280 
5419 908 1128 1019 1165 
5420 853 873 1009 1299 
5421 581 615 640 149 
5422 253 299 254 1114 
5423 583 1094 585 1230 
5424 982 896 1198 1261 
5425 668 1128 974 1264 
5426 936 983 1114 1262 
5427 73 371 596 1250 
5428 247 249 250 1197 
5429 807 762 723 1071 
5430 331 1253 203 1288 
5431 975 907 1171 1291 
5432 310 352 151 1153 
5433 380 480 471 1019 
5434 561 582 636 1073 
5435 620 637 588 1244 
5436 1094 1185 948 1230 
5437 783 1047 782 1247 
5438 513 621 571 1129 
5439 844 853 873 1009 
5440 490 383 382 1022 
5441 548 572 546 1232 
5442 250 155 1073 1306 
5443 305 214 303 1084 
5444 750 776 724 1257 
5445 906 1148 1090 1159 
5446 883 1022 865 1266 
5447 974 1165 435 1264 
5448 479 457 472 1234 
5449 338 1010 306 1205 
5450 432 1039 484 1103 
5451 1043 1173 927 1242 
5452 936 997 1156 1259 
5453 482 373 414 1140 
5454 930 991 1111 1191 
5455 407 403 473 1189 
5456 241 182 1134 1185 
5457 973 1121 1131 1238 
5458 432 430 1301 1305 
5459 437 436 479 1006 
5460 1104 1112 966 1281 
5461 867 886 1207 1302 
5462 565 1141 551 1229 
5463 166 257 163 975 
5464 397 456 395 1220 
5465 696 296 794 1274 
5466 772 1279 972 1303 
5467 1019 708 1162 1226 
5468 436 434 435 1280 
5469 1013 1098 902 1273 
5470 747 749 1126 1215 
5471 339 793 300 1136 
5472 416 1088 417 1245 
5473 484 1103 1039 1280 
5474 646 655 670 1063 
5475 865 866 860 1132 
5476 978 1143 945 1276 
5477 155 342 250 1073 
5478 226 1133 257 1171 
5479 1089 1219 969 1287 
5480 1037 1154 905 1239 
5481 459 375 1041 1278 
5482 252 1195 335 1272 
5483 598 518 592 1211 
5484 389 489 390 1140 
5485 1120 1198 990 1269 
5486 435 1165 480 1264 
5487 430 428 431 1178 
5488 855 875 856 1014 
5489 905 1001 1149 1239 
5490 900 1038 1253 1287 
5491 937 1185 1094 1230 
5492 1001 905 1149 1255 
5493 439 425 427 1081 
5494 210 242 241 1134 
5495 896 1198 1120 1269 
5496 287 311 345 1288 
5497 420 365 446 1086 
5498 612 368 1075 1201 
5499 635 602 613 1205 
5500 449 448 1106 1290 
5501 755 783 1247 1300 
5502 451 1042 463 1250 
5503 801 761 701 1149 
5504 917 1249 1047 1268 
5505 931 1120 1003 1271 
5506 297 203 1038 1288 
5507 569 510 1176 1225 
5508 194 193 1177 1237 
5509 880 861 878 1170 
5510 212 1051 204 1268 
5511 369 444 80 1087 
5512 928 1248 1013 1273 
5513 990 917 1124 1198 
5514 966 1112 1223 1283 
5515 528 529 530 1052 
5516 437 1006 481 1192 
5517 449 1106 411 1290 
5518 408 1064 404 1189 
5519 372 1062 441 1220 
5520 747 763 749 1215 
5521 870 876 851 1024 
5522 282 265 355 1196 
5523 530 531 532 1230 
5524 254 152 320 1009 
5525 912 1031 1160 1178 
5526 912 1069 1060 1183 
5527 1005 901 1113 1254 
5528 654 685 677 1254 
5529 602 506 164 1205 
5530 229 1047 228 1268 
5531 780 814 835 147 
5532 713 94 708 1019 
5533 512 514 673 1107 
5534 767 716 697 1160 
5535 921 1103 1039 1145 
5536 418 424 369 1146 
5537 1025 925 1207 1302 
5538 186 1090 184 1228 
5539 890 1223 1112 1283 
5540 834 696 794 1274 
5541 203 1253 1038 1288 
5542 457 374 642 1234 
5543 836 148 295 1274 
5544 84 376 573 1103 
5545 430 1178 431 1301 
5546 660 1128 662 1289 
5547 927 1110 1021 1282 
5548 465 431 447 1178 
5549 399 451 402 1199 
5550 667 676 657 1104 
5551 917 1120 1051 1198 
5552 935 1148 1080 1307 
5553 445 420 417 1086 
5554 569 621 510 1225 
5555 556 586 631 1033 
5556 183 182 206 1023 
5557 446 101 699 1204 
5558 370 1070 448 1290 
5559 228 1047 344 1300 
5560 474 442 103 1068 
5561 648 675 681 1234 
5562 716 717 715 1160 
5563 952 1173 1043 1242 
5564 197 199 200 1265 
5565 509 1107 619 1192 
5566 532 534 554 1166 
5567 600 564 607 1144 
5568 297 1288 1038 1292 
5569 896 1135 1003 1271 
5570 905 1149 990 1239 
5571 697 715 714 1160 
5572 960 1222 1004 1295 
5573 895 1121 1000 1209 
5574 401 463 1042 1297 
5575 677 678 654 1005 
5576 910 1129 1024 1225 
5577 1091 1134 955 1217 
5578 1031 1178 967 1301 
5579 616 150 639 1167 
5580 914 1110 1064 1187 
5581 590 589 556 1153 
5582 1047 1168 941 1268 
5583 437 379 481 1006 
5584 783 819 782 1047 
5585 397 1007 399 1199 
5586 819 1047 783 1300 
5587 164 506 292 1205 
5588 706 775 808 1113 
5589 701 108 470 1085 
5590 330 1244 1096 1263 
5591 257 166 167 1171 
5592 460 441 372 1062 
5593 670 656 659 1105 
5594 1019 1165 1128 1264 
5595 890 1112 1281 1283 
5596 357 294 1191 1265 
5597 1056 927 1189 1297 
5598 1091 1188 1134 1217 
5599 917 1198 1051 1268 
5600 688 681 664 1006 
5601 241 206 182 1185 
5602 570 610 571 1181 
5603 848 798 705 1235 
5604 427 426 428 1174 
5605 1042 1099 401 1297 
5606 612 1075 574 1186 
5607 760 768 838 1235 
5608 683 642 687 1264 
5609 191 194 193 1177 
5610 457 642 675 1234 
5611 506 292 1205 1306 
5612 265 264 266 1208 
5613 936 1108 1072 1156 
5614 298 331 360 1253 
5615 1047 1247 783 1300 
5616 625 288 498 1275 
5617 915 1210 1020 1303 
5618 195 198 197 1238 
5619 905 1239 990 1269 
5620 546 559 544 1232 
5621 516 67 443 1176 
5622 540 1101 541 1219 
5623 636 1073 582 1275 
5624 904 1007 1150 1199 
5625 660 668 662 1128 
5626 150 237 343 1167 
5627 1015 1187 914 1236 
5628 574 549 547 1186 
5629 787 827 751 1080 
5630 857 858 1132 1251 
5631 699 1142 446 1204 
5632 368 427 429 1174 
5633 987 896 1240 1261 
5634 497 149 615 1203 
5635 1039 1103 921 1280 
5636 690 672 687 1264 
5637 858 860 857 1132 
5638 572 559 546 1232 
5639 660 658 661 1200 
5640 826 782 819 1047 
5641 933 987 1213 1240 
5642 354 269 267 1048 
5643 294 205 1191 1265 
5644 449 411 448 1290 
5645 848 886 884 1235 
5646 578 504 579 1137 
5647 818 707 712 996 
5648 578 1137 579 1248 
5649 363 108 791 1085 
5650 566 509 619 1192 
5651 535 536 534 1098 
5652 421 422 419 1002 
5653 436 974 1234 1280 
5654 500 83 440 1075 
5655 458 374 466 1264 
5656 299 170 168 1114 
5657 537 536 535 1098 
5658 726 781 750 1257 
5659 1048 1208 972 1303 
5660 365 805 101 1204 
5661 1024 1138 903 1181 
5662 691 664 665 1107 
5663 836 295 696 1274 
5664 910 1176 1129 1225 
5665 918 1163 1066 1257 
5666 1055 1104 919 1224 
5667 305 206 239 1185 
5668 565 551 549 1229 
5669 302 145 830 1300 
5670 766 1162 708 1226 
5671 358 1197 1108 1272 
5672 209 291 256 1249 
5673 626 497 615 1203 
5674 199 197 198 1058 
5675 1018 1113 901 1254 
5676 217 233 234 1102 
5677 976 1169 1164 1286 
5678 719 1020 1210 1303 
5679 349 302 159 1143 
5680 403 401 1099 1297 
5681 239 240 1094 1185 
5682 677 1105 659 1289 
5683 437 436 1006 1280 
5684 896 1173 1043 1261 
5685 585 1094 624 1203 
5686 109 405 788 1255 
5687 338 335 160 1195 
5688 762 725 723 1071 
5689 324 498 288 1275 
5690 240 242 337 1203 
5691 451 401 463 1042 
5692 964 1109 1009 1299 
5693 748 758 746 1291 
5694 387 477 377 840 
5695 403 401 400 1099 
5696 774 808 775 1113 
5697 859 856 875 1302 
5698 329 165 309 995 
5699 843 877 876 1129 
5700 940 1111 1281 1283 
5701 1039 1301 967 1305 
5702 346 174 201 1108 
5703 414 389 388 1140 
5704 203 198 297 1038 
5705 858 859 861 1190 
5706 743 742 741 1057 
5707 783 782 740 1247 
5708 421 420 446 1142 
5709 178 204 212 1051 
5710 859 862 1190 1302 
5711 187 185 188 1147 
5712 416 413 417 1088 
5713 196 271 1131 1238 
5714 287 286 331 1288 
5715 1009 1109 944 1299 
5716 543 544 542 1089 
5717 470 396 405 1083 
5718 422 1002 421 1267 
5719 716 795 718 1060 
5720 211 219 227 1148 
5721 281 1034 220 1307 
5722 293 1096 330 1244 
5723 891 1015 1187 1282 
5724 939 1153 1033 1260 
5725 459 375 443 1041 
5726 454 370 448 1290 
5727 552 519 521 1116 
5728 1010 1138 903 1195 
5729 504 78 423 1137 
5730 885 850 849 1010 
5731 699 762 800 1142 
5732 896 1003 1120 1271 
5733 1072 1108 957 1156 
5734 234 329 309 995 
5735 612 500 574 1075 
5736 570 519 552 1116 
5737 404 1189 1064 1297 
5738 274 276 272 1231 
5739 699 101 805 1204 
5740 457 485 374 1234 
5741 902 988 1236 1273 
5742 1010 903 1138 1181 
5743 896 1240 1021 1271 
5744 619 512 567 1107 
5745 461 441 460 1278 
5746 319 277 351 1049 
5747 508 571 610 1181 
5748 184 186 283 1090 
5749 975 1171 1133 1291 
5750 639 497 624 313 
5751 308 260 349 1143 
5752 891 1242 1043 1282 
5753 216 312 230 1294 
5754 330 225 360 1263 
5755 1004 1222 923 1295 
5756 705 765 809 1235 
5757 896 1120 1003 1269 
5758 248 346 358 1108 
5759 919 1104 1055 1281 
5760 345 310 285 1033 
5761 696 295 296 1274 
5762 553 585 626 1203 
5763 677 670 659 1105 
5764 1111 1196 940 1294 
5765 1091 911 1188 1217 
5766 233 1096 293 1252 
5767 498 625 640 288 
5768 927 1099 1042 1297 
5769 221 214 1084 1285 
5770 755 784 783 1300 
5771 322 243 1091 1212 
5772 922 1186 1075 1201 
5773 231 227 219 1080 
5774 313 1094 240 1203 
5775 675 642 683 1234 
5776 355 357 294 1191 
5777 896 1003 1135 1269 
5778 624 585 583 1094 
5779 210 182 180 1134 
5780 867 886 869 1207 
5781 956 1106 1042 1250 
5782 1045 1227 1003 1271 
5783 363 470 108 1085 
5784 852 848 884 1235 
5785 990 1239 1120 1269 
5786 542 586 540 1219 
5787 548 550 560 1078 
5788 1039 967 1145 1305 
5789 713 708 821 1019 
5790 243 1188 1091 1212 
5791 446 365 101 1204 
5792 248 1108 358 1197 
5793 1096 1244 958 1263 
5794 411 1106 1064 1290 
5795 1056 1173 947 1258 
5796 653 652 689 1018 
5797 156 794 296 1279 
5798 497 313 149 1203 
5799 540 541 542 1219 
5800 156 296 354 1279 
5801 683 687 668 1264 
5802 1057 1149 1001 1239 
5803 390 489 492 992 
5804 330 1096 225 1263 
5805 484 1039 434 1280 
5806 399 397 398 1007 
5807 863 845 864 1214 
5808 387 840 377 1266 
5809 738 739 740 1124 
5810 1103 1192 921 1280 
5811 761 791 701 1085 
5812 379 437 479 1006 
5813 207 1008 1263 1293 
5814 355 1191 218 1196 
5815 1048 1279 833 1303 
5816 576 610 552 1181 
5817 259 171 209 1076 
5818 211 1148 208 1307 
5819 633 506 1205 1306 
5820 287 311 1288 1292 
5821 1034 1193 935 1307 
5822 433 438 1165 1301 
5823 729 727 757 1298 
5824 508 610 576 1181 
5825 317 312 1055 1294 
5826 157 31 317 1055 
5827 507 567 611 1139 
5828 243 245 244 1212 
5829 804 805 757 1204 
5830 581 580 553 1030 
5831 435 434 433 1165 
5832 854 1251 857 1299 
5833 229 344 228 1047 
5834 416 423 1137 1245 
5835 470 363 398 1085 
5836 305 221 214 1084 
5837 894 1125 1067 1262 
5838 228 344 314 1300 
5839 676 658 657 1104 
5840 516 569 510 1176 
5841 560 550 562 1078 
5842 633 506 602 1205 
5843 1128 1165 974 1264 
5844 718 721 720 1210 
5845 247 245 248 1197 
5846 780 823 779 1049 
5847 701 791 108 1085 
5848 379 488 87 682 
5849 314 302 349 1300 
5850 730 728 729 1059 
5851 871 515 843 1129 
5852 684 671 713 138 
5853 1047 917 1124 1247 
5854 340 613 602 1205 
5855 427 368 439 1201 
5856 818 712 710 1207 
5857 893 1216 1074 1246 
5858 1043 1240 896 1261 
5859 890 1145 1112 1223 
5860 746 747 748 1126 
5861 701 109 788 1255 
5862 227 231 232 1080 
5863 226 341 257 1133 
5864 376 1192 484 1280 
5865 355 218 353 1196 
5866 177 180 179 1194 
5867 376 1103 484 1192 
5868 464 78 578 1137 
5869 535 534 533 1166 
5870 1006 921 1192 1280 
5871 251 335 1195 1272 
5872 790 700 803 1068 
5873 759 834 833 1048 
5874 741 801 743 1149 
5875 713 93 684 138 
5876 167 169 226 1171 
5877 282 353 153 1196 
5878 668 687 1128 1264 
5879 859 867 862 1302 
5880 487 702 107 406 
5881 539 1101 540 1260 
5882 513 843 515 1129 
5883 220 281 318 1034 
5884 851 850 882 1138 
5885 484 432 434 1039 
5886 432 433 1039 1301 
5887 821 708 766 1162 
5888 899 1193 1034 1286 
5889 251 335 338 1195 
5890 424 444 369 1087 
5891 181 184 280 1213 
5892 194 195 1237 1292 
5893 254 252 253 1029 
5894 545 544 543 1089 
5895 408 411 1064 1290 
5896 466 435 480 1264 
5897 759 1048 833 1303 
5898 824 825 693 1143 
5899 1133 1171 945 1291 
5900 407 408 404 1189 
5901 277 318 274 1231 
5902 1062 1118 938 1243 
5903 229 228 213 1268 
5904 459 461 375 1278 
5905 250 342 247 1073 
5906 665 676 680 1032 
5907 948 1134 1188 1217 
5908 1039 1145 1103 1305 
5909 416 423 464 1137 
5910 515 881 871 126 
5911 430 431 469 1301 
5912 594 612 555 1201 
5913 465 447 366 1069 
5914 183 185 184 1228 
5915 154 293 330 1244 
5916 914 1064 1106 1290 
5917 148 334 295 1274 
5918 425 422 426 1267 
5919 704 794 156 1279 
5920 800 100 699 1142 
5921 239 241 240 1185 
5922 397 402 456 1199 
5923 442 491 104 700 
5924 825 824 769 1143 
5925 327 329 161 1252 
5926 865 883 866 1022 
5927 213 212 204 1268 
5928 211 219 1148 1307 
5929 924 1038 1288 1292 
5930 1008 929 1263 1293 
5931 567 551 566 1141 
5932 432 433 434 1039 
5933 388 377 1170 1266 
5934 413 416 415 1088 
5935 924 1288 1119 1292 
5936 433 1165 1039 1301 
5937 65 881 515 126 
5938 154 290 289 1244 
5939 777 776 750 1066 
5940 927 1043 1242 1282 
5941 313 237 240 1094 
5942 424 419 422 1146 
5943 352 638 590 1153 
5944 407 403 1189 1297 
5945 619 509 514 1107 
5946 748 768 760 1291 
5947 664 663 661 1200 
5948 772 752 719 1303 
5949 597 595 502 1175 
5950 517 499 518 1211 
5951 223 215 222 1285 
5952 623 638 238 1153 
5953 809 710 869 1207 
5954 246 247 342 1275 
5955 1187 1242 960 1295 
5956 890 1112 1184 1281 
5957 455 100 800 1142 
5958 447 431 428 1178 
5959 919 1112 1104 1281 
5960 1041 1211 913 1278 
5961 829 836 696 1274 
5962 433 469 438 1301 
5963 632 495 630 1096 
5964 400 401 399 1099 
5965 297 287 203 1288 
5966 972 1208 1048 1279 
5967 83 612 368 1075 
5968 964 1132 1077 1251 
5969 368 440 1075 1305 
5970 1038 1253 1287 1288 
5971 245 332 248 1212 
5972 412 409 442 1222 
5973 341 308 159 1143 
5974 858 865 860 1132 
5975 755 783 742 1247 
5976 763 1115 764 1215 
5977 924 1287 1219 1288 
5978 612 82 368 1201 
5979 437 1006 1192 1280 
5980 287 1288 297 1292 
5981 1219 1287 1054 1288 
5982 292 601 155 1306 
5983 873 854 857 1299 
5984 334 270 269 1274 
5985 312 157 317 1055 
5986 374 485 466 1264 
5987 538 539 540 1260 
5988 672 669 687 1264 
5989 863 59 58 158 
5990 233 293 161 1252 
5991 287 297 311 1292 
5992 384 443 361 1176 
5993 331 203 287 1288 
5994 683 663 681 1234 
5995 917 1051 1249 1268 
5996 196 1237 195 1238 
5997 924 1038 1287 1288 
5998 243 244 242 1188 
5999 1109 1114 944 1262 
6000 376 437 1192 1280 
6001 371 451 463 1250 
6002 280 179 181 1213 
6003 842 869 710 1207 
6004 205 207 216 1293 
6005 516 510 67 1176 
6006 530 583 585 1230 
6007 902 1236 1013 1273 
6008 212 1249 1051 1268 
6009 573 509 566 1192 
6010 376 84 440 1103 
6011 763 698 770 1115 
6012 207 1263 225 1293 
6013 524 525 526 1180 
6014 361 443 67 1176 
6015 212 228 1249 1268 
6016 361 67 510 1176 
6017 133 796 811 652 
6018 1108 1197 916 1272 
6019 211 208 219 1307 
6020 612 574 555 1186 
6021 219 220 319 1307 
6022 911 1091 1188 1212 
6023 719 1210 720 1303 
6024 841 854 853 1299 
6025 585 624 497 1203 
6026 726 724 725 1257 
6027 322 332 243 1212 
6028 532 533 534 1166 
6029 711 821 775 1162 
6030 407 1189 404 1297 
6031 446 699 100 1142 
6032 771 810 698 1082 
6033 249 1197 358 1272 
6034 872 866 883 1022 
6035 506 601 292 1306 
6036 83 500 612 1075 
6037 412 413 410 1222 
6038 401 404 463 1297 
6039 553 526 528 1130 
6040 504 578 78 1137 
6041 294 199 205 1265 
6042 196 197 271 1238 
6043 221 215 214 1285 
6044 589 538 556 1260 
6045 524 526 580 1180 
6046 736 734 735 1161 
6047 292 325 1205 1306 
6048 782 738 740 1124 
6049 841 60 59 258 
6050 167 226 257 1171 
6051 680 650 674 1139 
6052 891 1242 1187 1295 
6053 473 403 406 1056 
6054 313 337 149 1203 
6055 587 622 586 1054 
6056 208 281 220 1307 
6057 440 1103 1075 1305 
6058 164 292 325 1205 
6059 838 705 798 1235 
6060 186 184 185 1228 
6061 496 638 238 623 
6062 602 164 340 1205 
6063 95 708 471 1226 
6064 339 300 278 1136 
6065 765 710 809 1207 
6066 376 484 437 1280 
6067 1064 1189 927 1297 
6068 595 597 558 1175 
6069 179 178 177 1194 
6070 722 723 724 1163 
6071 1006 1234 974 1280 
6072 121 613 849 605 
6073 748 747 749 1126 
6074 432 1103 440 1305 
6075 224 255 279 1159 
6076 62 61 844 320 
6077 813 139 852 798 
6078 450 451 371 1250 
6079 388 387 377 1266 
6080 621 513 515 1129 
6081 420 445 365 1086 
6082 246 324 288 1275 
6083 408 411 404 1064 
6084 423 79 78 504 
6085 734 736 785 1161 
6086 384 383 385 1123 
6087 267 264 321 1208 
6088 570 571 569 1225 
6089 435 466 485 1264 
6090 357 1117 200 1265 
6091 189 191 192 1177 
6092 217 1102 312 1293 
6093 833 794 704 1279 
6094 490 387 493 1266 
6095 972 1279 1048 1303 
6096 95 367 714 1226 
6097 759 719 720 1303 
6098 223 311 304 1119 
6099 714 766 708 1226 
6100 625 582 580 1275 
6101 261 33 34 646 
6102 449 463 411 1106 
6103 669 1128 687 1264 
6104 731 729 803 1298 
6105 407 404 403 1297 
6106 370 77 76 577 
6107 330 233 225 1096 
6108 649 796 134 652 
6109 646 685 653 1254 
6110 251 252 335 1272 
6111 384 385 386 1123 
6112 430 432 429 1305 
6113 500 83 84 440 
6114 844 850 885 1138 
6115 207 225 217 1293 
6116 83 368 440 1075 
6117 486 1083 394 1284 
6118 913 1211 1062 1278 
6119 229 279 350 1168 
6120 551 568 550 1229 
6121 80 79 369 593 
6122 74 75 595 449 
6123 464 423 78 1137 
6124 71 72 600 453 
6125 464 78 77 578 
6126 69 68 375 499 
6127 68 67 443 516 
6128 73 74 596 371 
6129 852 798 140 848 
6130 200 357 359 1117 
6131 70 71 505 372 
6132 598 607 523 1243 
6133 663 660 661 1200 
6134 461 460 375 1278 
6135 868 712 144 879 
6136 758 822 1133 1291 
6137 317 230 312 1294 
6138 295 269 296 1274 
6139 776 722 724 1163 
6140 678 662 669 1128 
6141 397 399 402 1199 
6142 797 756 802 1155 
6143 549 548 547 1097 
6144 255 224 283 1159 
6145 127 614 606 651 
6146 460 70 69 592 
6147 506 634 601 1306 
6148 691 665 644 1107 
6149 382 66 65 515 
6150 742 783 740 1247 
6151 182 210 241 1134 
6152 444 81 80 503 
6153 194 297 195 1292 
6154 856 857 854 1251 
6155 133 811 36 652 
6156 240 237 239 1094 
6157 651 29 28 165 
6158 501 72 73 450 
6159 250 251 325 1306 
6160 486 392 362 1284 
6161 572 632 630 1096 
6162 669 668 687 1128 
6163 1111 1191 991 1196 
6164 157 30 31 666 
6165 438 367 471 1226 
6166 372 441 456 1220 
6167 233 329 234 1252 
6168 440 432 484 1103 
6169 139 852 56 813 
6170 311 223 345 1119 
6171 294 205 218 1191 
6172 396 394 405 1083 
6173 318 192 276 1231 
6174 380 94 93 713 
6175 216 217 312 1293 
6176 1055 1281 940 1294 
6177 831 793 839 1136 
6178 871 843 866 1129 
6179 1061 1223 890 1283 
6180 583 530 532 1230 
6181 849 122 605 847 
6182 680 686 650 1139 
6183 770 764 763 1115 
6184 75 76 502 448 
6185 772 833 1279 1303 
6186 769 755 744 1276 
6187 976 1177 1169 1286 
6188 932 1169 1177 1286 
6189 368 429 440 1305 
6190 573 376 85 1192 
6191 408 454 411 1290 
6192 201 358 346 1108 
6193 253 170 299 1114 
6194 367 95 471 1226 
6195 507 568 567 1139 
6196 633 575 634 1306 
6197 512 619 514 1107 
6198 579 537 557 1248 
6199 701 108 109 470 
6200 421 446 455 1142 
6201 428 429 427 1174 
6202 551 565 566 1141 
6203 706 649 796 134 
6204 154 620 24 495 
6205 257 341 301 1133 
6206 613 849 64 121 
6207 880 883 865 1266 
6208 633 634 506 1306 
6209 919 1184 1112 1281 
6210 442 104 103 700 
6211 171 170 172 1172 
6212 702 106 107 406 
6213 438 480 435 1165 
6214 666 647 667 1224 
6215 171 172 173 1172 
6216 324 155 12 498 
6217 56 57 163 852 
6218 711 137 713 645 
6219 607 564 525 1144 
6220 541 540 539 1101 
6221 886 864 884 1214 
6222 21 494 284 151 
6223 28 614 127 651 
6224 623 590 638 1153 
6225 228 256 212 1249 
6226 302 314 145 1300 
6227 233 330 293 1096 
6228 792 825 822 1133 
6229 574 547 555 1186 
6230 284 22 289 637 
6231 641 568 507 1139 
6232 327 26 511 599 
6233 409 412 410 1222 
6234 272 196 271 1131 
6235 798 140 848 705 
6236 671 713 137 645 
6237 317 31 32 643 
6238 505 607 598 1243 
6239 749 764 765 1215 
6240 718 720 719 1210 
6241 298 225 207 1263 
6242 187 188 189 1147 
6243 109 110 788 405 
6244 141 869 848 809 
6245 352 238 638 1153 
6246 250 292 155 1306 
6247 758 760 822 1291 
6248 243 242 210 1188 
6249 623 589 590 1153 
6250 175 174 176 1277 
6251 493 387 388 1266 
6252 105 106 789 473 
6253 761 801 741 1149 
6254 513 125 515 843 
6255 754 801 788 1255 
6256 367 96 95 714 
6257 867 875 886 1302 
6258 594 82 612 1201 
6259 481 509 85 1192 
6260 833 704 831 1279 
6261 772 833 831 1279 
6262 110 111 810 362 
6263 150 235 236 1167 
6264 526 527 528 1130 
6265 306 63 64 849 
6266 112 698 111 452 
6267 621 569 571 1225 
6268 871 515 125 843 
6269 159 816 52 693 
6270 652 36 35 278 
6271 840 883 880 1266 
6272 494 21 617 151 
6273 859 862 861 1190 
6274 115 144 712 879 
6275 414 388 476 1170 
6276 95 714 708 1226 
6277 229 350 315 1168 
6278 638 617 352 590 
6279 418 416 417 1245 
6280 806 799 702 1258 
6281 706 135 817 649 
6282 276 196 272 1131 
6283 514 132 673 682 
6284 679 817 135 649 
6285 769 744 746 1276 
6286 61 60 853 152 
6287 850 844 882 1138 
6288 815 49 315 307 
6289 418 419 424 1146 
6290 455 446 100 1142 
6291 293 154 24 495 
6292 164 602 10 506 
6293 422 421 462 1267 
6294 270 271 268 1296 
6295 366 99 98 703 
6296 494 22 284 637 
6297 792 301 53 693 
6298 601 12 155 498 
6299 122 605 847 508 
6300 654 653 685 1254 
6301 802 700 797 1155 
6302 236 237 150 1167 
6303 763 764 749 1215 
6304 114 115 712 381 
6305 467 97 96 697 
6306 495 25 293 599 
6307 627 599 632 1252 
6308 432 430 433 1301 
6309 626 585 497 1203 
6310 514 86 87 379 
6311 26 327 161 599 
6312 768 765 705 1235 
6313 356 263 278 1136 
6314 662 677 659 1289 
6315 710 765 818 1207 
6316 557 578 579 1248 
6317 196 195 197 1238 
6318 829 834 778 1274 
6319 573 85 509 1192 
6320 715 697 716 1160 
6321 439 368 82 1201 
6322 584 629 616 1167 
6323 365 102 101 805 
6324 891 1187 1242 1282 
6325 196 193 195 1237 
6326 455 100 99 800 
6327 629 584 554 1167 
6328 842 867 869 1207 
6329 456 441 395 1220 
6330 884 864 845 1214 
6331 143 868 842 710 
6332 23 154 289 637 
6333 295 836 41 148 
6334 302 816 52 159 
6335 161 293 25 599 
6336 560 627 632 1252 
6337 49 815 692 307 
6338 360 225 298 1263 
6339 230 317 353 1294 
6340 357 266 359 1117 
6341 349 159 308 1143 
6342 737 799 806 1258 
6343 686 667 647 1224 
6344 129 611 674 650 
6345 857 856 858 1251 
6346 50 692 830 145 
6347 123 847 877 618 
6348 41 696 836 295 
6349 462 447 426 1267 
6350 705 141 848 809 
6351 805 804 699 1204 
6352 394 486 405 1083 
6353 819 784 830 1300 
6354 117 846 468 874 
6355 786 826 815 1168 
6356 433 438 435 1165 
6357 592 518 499 1211 
6358 154 23 620 637 
6359 42 836 812 148 
6360 249 358 252 1272 
6361 819 783 784 1300 
6362 166 57 58 845 
6363 206 241 239 1185 
6364 821 766 775 1162 
6365 611 129 507 650 
6366 101 100 446 699 
6367 825 758 822 1133 
6368 457 90 675 642 
6369 847 123 508 618 
6370 128 606 650 651 
6371 212 213 228 1268 
6372 551 550 549 1229 
6373 355 353 282 1196 
6374 146 48 315 815 
6375 48 146 832 815 
6376 692 50 307 145 
6377 660 662 659 1289 
6378 333 19 238 496 
6379 476 388 377 1170 
6380 310 222 238 1153 
6381 301 159 53 693 
6382 202 203 298 1253 
6383 176 177 175 1277 
6384 292 164 10 506 
6385 222 215 221 1285 
6386 826 786 753 1168 
6387 291 212 256 1249 
6388 356 278 300 1136 
6389 831 839 773 1136 
6390 266 264 267 1208 
6391 644 512 131 673 
6392 90 457 374 642 
6393 489 414 373 1140 
6394 32 33 153 655 
6395 888 867 842 1207 
6396 393 392 394 1284 
6397 484 376 440 1103 
6398 336 45 814 147 
6399 156 704 39 794 
6400 300 38 704 793 
6401 514 87 132 682 
6402 313 240 337 1203 
6403 98 97 465 767 
6404 588 559 630 1244 
6405 361 67 66 510 
6406 835 814 45 147 
6407 249 248 358 1197 
6408 675 683 681 1234 
6409 343 16 639 313 
6410 294 218 355 1191 
6411 638 238 19 496 
6412 310 238 352 1153 
6413 437 481 376 1192 
6414 192 191 193 1177 
6415 832 146 47 694 
6416 300 704 38 156 
6417 93 7 475 684 
6418 606 650 507 128 
6419 416 418 423 1245 
6420 601 292 11 506 
6421 635 576 633 1205 
6422 814 694 46 336 
6423 724 726 750 1257 
6424 342 324 246 1275 
6425 794 39 156 296 
6426 612 82 83 368 
6427 876 866 843 1129 
6428 481 85 376 1192 
6429 306 340 164 1205 
6430 770 112 113 373 
6431 51 830 302 145 
6432 290 330 360 1244 
6433 830 816 51 302 
6434 817 136 711 679 
6435 710 143 868 712 
6436 647 30 29 309 
6437 642 374 91 690 
6438 853 854 873 1299 
6439 11 155 292 601 
6440 325 338 306 1205 
6441 377 117 468 874 
6442 803 729 757 1298 
6443 411 454 448 1290 
6444 696 834 829 1274 
6445 194 195 193 1237 
6446 248 249 247 1197 
6447 474 103 102 790 
6448 40 794 696 296 
6449 296 696 40 295 
6450 271 359 268 1296 
6451 95 94 471 708 
6452 16 497 639 313 
6453 881 5 65 478 
6454 297 194 311 1292 
6455 538 540 556 1260 
6456 588 630 620 1244 
6457 695 835 44 316 
6458 294 357 200 1265 
6459 104 105 797 364 
6460 316 835 44 147 
6461 146 232 47 694 
6462 618 513 877 124 
6463 758 748 760 1291 
6464 669 662 668 1128 
6465 331 298 203 1253 
6466 344 145 314 1300 
6467 437 434 436 1280 
6468 694 232 46 336 
6469 791 107 108 363 
6470 701 788 801 1255 
6471 321 356 156 1279 
6472 498 636 582 1275 
6473 633 602 635 1205 
6474 512 131 673 514 
6475 294 200 199 1265 
6476 690 374 91 458 
6477 484 434 437 1280 
6478 216 207 217 1293 
6479 354 321 156 1279 
6480 812 328 42 148 
6481 274 318 276 1231 
6482 430 469 433 1301 
6483 249 252 251 1272 
6484 333 616 18 496 
6485 867 859 875 1302 
6486 436 485 457 1234 
6487 14 640 615 149 
6488 312 217 234 1102 
6489 43 328 695 316 
6490 772 759 833 1303 
6491 684 93 7 138 
6492 498 582 625 1275 
6493 43 328 812 695 
6494 389 414 489 1140 
6495 811 3 36 339 
6496 759 772 719 1303 
6497 219 208 220 1307 
6498 573 84 85 376 
6499 881 65 5 126 
6500 133 134 796 652 
6501 811 36 3 133 
6502 429 432 440 1305 
6503 149 14 640 288 
6504 150 616 18 333 
6505 325 306 164 1205 
6506 479 436 457 1234 
6507 292 250 325 1306 
6508 403 404 401 1297 
6509 290 154 330 1244 
6510 613 64 1 121 
6511 340 64 1 613 
6512 122 121 849 605 
6513 334 269 295 1274 
6514 494 22 21 284 
6515 645 711 136 679 
6516 811 37 339 793 
6517 392 486 394 1284 
6518 245 243 332 1212 
6519 462 426 422 1267 
6520 139 56 4 813 
6521 704 39 38 156 
6522 798 139 852 140 
6523 124 513 877 843 
6524 63 62 885 160 
6525 614 2 28 127 
6526 340 9 602 613 
6527 12 13 324 498 
6528 879 115 8 483 
6529 34 35 162 689 
6530 675 89 90 457 
6531 329 233 161 1252 
6532 813 347 55 709 
6533 511 614 27 348 
6534 671 713 138 137 
6535 606 128 127 651 
6536 8 144 115 879 
6537 161 25 26 599 
6538 712 143 868 144 
6539 871 515 126 125 
6540 347 4 56 813 
6541 120 881 887 478 
6542 339 37 300 793 
6543 497 16 15 313 
6544 511 27 26 327 
6545 10 11 292 506 
6546 830 51 50 145 
6547 54 55 323 709 
6548 874 377 117 118 
6549 132 673 131 514 
6550 159 52 53 693 
6551 327 511 27 348 
6552 9 602 164 340 
6553 602 10 9 164 
6554 705 838 768 1235 
6555 42 41 836 148 
6556 41 40 696 295 
6557 811 37 3 339 
6558 614 28 2 348 
6559 835 45 44 147 
6560 374 91 90 642 
6561 142 869 141 809 
6562 11 12 155 601 
6563 87 6 132 682 
6564 1 9 340 613 
6565 88 488 648 682 
6566 347 323 55 709 
6567 509 85 86 481 
6568 616 18 17 150 
6569 347 55 4 813 
6570 22 23 289 637 
6571 46 47 232 694 
6572 620 24 23 154 
6573 40 39 794 296 
6574 638 19 238 352 
6575 614 2 27 348 
6576 53 54 301 792 
6577 707 113 114 482 
6578 21 20 617 151 
6579 690 91 92 458 
6580 18 19 333 496 
6581 483 8 879 116 
6582 300 37 38 793 
6583 293 24 25 495 
6584 468 116 846 117 
6585 141 848 140 705 
6586 88 488 472 648 
6587 816 52 51 302 
6588 475 7 92 684 
6589 6 87 488 682 
6590 129 507 650 128 
6591 143 842 142 710 
6592 887 378 120 478 
6593 512 130 644 131 
6594 89 88 472 648 
6595 50 49 692 307 
6596 315 48 49 815 
6597 488 88 6 682 
6598 615 15 14 149 
6599 5 881 120 478 
6600 477 119 118 840 
6601 887 378 119 120 
6602 695 44 43 316 
6603 129 611 130 674 
6604 47 48 146 832 
6605 649 706 135 134 
6606 14 13 640 288 
6607 20 638 617 352 
6608 352 617 20 151 
6609 123 122 847 508 
6610 125 513 124 843 
6611 137 711 136 645 
6612 135 136 817 679 
6613 877 123 618 124 
6614 814 46 45 336 
6615 20 19 638 352 
6616 42 43 328 812 
6617 639 17 16 343 
6618 1102 1224 157 1055 
6619 157 1224 1102 995 
6620 291 1277 1072 175 
6621 1072 1277 291 998 
6622 1072 173 291 175 
6623 291 173 1072 998 
6624 1087 1137 1245 949 
6625 1245 1137 1087 423 
6626 1210 778 722 720 
6627 1257 728 781 968 
6628 1257 781 728 726 
6629 1204 790 474 805 
6630 1204 474 790 1068 
6631 1065 754 743 745 
6632 1065 743 754 1001 
6633 995 511 165 628 
6634 995 165 511 327 
6635 1137 577 1248 578 
6636 1137 1248 577 1070 
6637 1256 999 922 1027 
6638 1256 922 999 1012 
6639 945 259 169 226 
6640 945 169 259 1076 
6641 709 975 163 323 
6642 163 975 709 837 
6643 163 347 709 323 
6644 709 347 163 837 
6645 1204 790 757 989 
6646 1204 757 790 805 
6647 272 1231 1066 274 
6648 1066 1231 272 1131 
6649 978 256 209 260 
6650 978 209 256 1249 
6651 1078 1232 1097 929 
6652 1097 1232 1078 548 
6653 1258 1085 791 806 
6654 1230 1185 897 937 
6655 1230 897 1185 948 
6656 1175 596 1250 956 
6657 1175 1250 596 595 
6658 1255 810 486 788 
6659 1255 486 810 1082 
6660 548 1096 560 572 
6661 560 1096 548 1078 
6662 1142 807 762 800 
6663 1142 762 807 1071 
6664 253 1108 252 201 
6665 252 1108 253 1029 
6666 1116 575 576 985 
6667 1116 576 575 552 
6668 1092 994 901 1020 
6669 1092 901 994 1061 
6670 148 777 1274 836 
6671 148 1274 777 1066 
6672 1181 851 877 1024 
6673 1181 877 851 847 
6674 684 380 458 475 
6675 684 458 380 672 
6676 1085 702 1258 791 
6677 1085 1258 702 947 
6678 622 1244 587 588 
6679 587 1244 622 1054 
6680 791 487 107 363 
6681 107 487 791 702 
6682 1210 722 721 720 
6683 1210 721 722 979 
6684 351 823 275 316 
6685 351 275 823 1049 
6686 1127 1241 894 1077 
6687 894 1241 1127 962 
6688 1058 205 202 199 
6689 1058 202 205 1008 
6690 1088 445 1222 413 
6691 1088 1222 445 1086 
6692 1107 688 664 1006 
6693 1107 664 688 691 
6694 1288 958 331 1253 
6695 1288 331 958 1054 
6696 1136 339 652 278 
6697 1136 652 339 811 
6698 850 1181 851 847 
6699 851 1181 850 1138 
6700 1267 1183 1202 954 
6701 1267 1202 1183 946 
6702 1220 453 1199 456 
6703 1220 1199 453 938 
6704 1240 1282 897 933 
6705 897 1282 1240 1021 
6706 151 631 590 617 
6707 151 590 631 1033 
6708 1146 425 1087 1081 
6709 1146 1087 425 424 
6710 444 1087 425 1081 
6711 444 425 1087 424 
6712 533 1175 531 597 
6713 531 1175 533 993 
6714 1271 1091 1045 1227 
6715 1271 1045 1091 955 
6716 1222 474 442 412 
6717 1222 442 474 1068 
6718 1267 421 954 1002 
6719 1267 954 421 462 
6720 778 1163 1210 722 
6721 1210 1163 778 980 
6722 1260 537 539 970 
6723 1260 539 537 538 
6724 812 1066 148 777 
6725 148 1066 812 328 
6726 1157 1265 973 1151 
6727 973 1265 1157 1058 
6728 1222 445 474 412 
6729 1222 474 445 1086 
6730 1205 605 576 1010 
6731 1205 576 605 635 
6732 1217 1021 1206 897 
6733 1217 1206 1021 1045 
6734 1133 709 301 323 
6735 1133 301 709 822 
6736 1241 385 386 389 
6737 1241 386 385 1123 
6738 1150 1304 938 959 
6739 938 1304 1150 1118 
6740 1268 279 1159 213 
6741 1268 1159 279 941 
6742 1258 789 756 799 
6743 1258 756 789 1056 
6744 835 351 1049 147 
6745 1049 351 835 823 
6746 837 347 852 813 
6747 837 852 347 163 
6748 56 852 347 813 
6749 56 347 852 163 
6750 1266 378 1022 490 
6751 1266 1022 378 883 
6752 665 1200 664 661 
6753 664 1200 665 1107 
6754 1305 428 430 967 
6755 1305 430 428 429 
6756 1203 581 553 1030 
6757 1203 553 581 626 
6758 1227 1156 961 892 
6759 1227 961 1156 957 
6760 1080 336 780 231 
6761 147 780 336 231 
6762 147 336 780 814 
6763 1270 1218 997 926 
6764 1270 997 1218 1067 
6765 1132 876 866 860 
6766 1132 866 876 1129 
6767 28 348 651 165 
6768 28 651 348 614 
6769 628 651 348 165 
6770 628 348 651 614 
6771 948 1217 1185 1134 
6772 948 1185 1217 897 
6773 1023 1185 1217 1134 
6774 1023 1217 1185 897 
6775 1266 383 1123 493 
6776 1266 1123 383 1022 
6777 496 1167 616 629 
6778 616 1167 496 333 
6779 1155 442 960 1068 
6780 1155 960 442 491 
6781 1284 391 393 392 
6782 1284 393 391 1053 
6783 1246 1245 1179 949 
6784 1246 1179 1245 963 
6785 1286 1164 1231 899 
6786 1286 1231 1164 976 
6787 1246 1087 969 920 
6788 1246 969 1087 949 
6789 1167 591 496 1011 
6790 1167 496 591 629 
6791 1126 1125 1067 950 
6792 1126 1067 1125 907 
6793 1296 267 266 268 
6794 1296 266 267 1208 
6795 1185 1221 897 937 
6796 897 1221 1185 1023 
6797 260 1300 256 314 
6798 256 1300 260 978 
6799 1249 178 998 291 
6800 1249 998 178 1051 
6801 1277 998 178 291 
6802 1277 178 998 1051 
6803 1118 1144 1100 938 
6804 1100 1144 1118 961 
6805 1263 1232 1008 958 
6806 1263 1008 1232 929 
6807 900 1008 1232 958 
6808 900 1232 1008 929 
6809 237 639 313 343 
6810 1298 790 989 757 
6811 1298 989 790 1068 
6812 1210 717 1060 1020 
6813 1210 1060 717 718 
6814 244 1275 245 246 
6815 245 1275 244 1030 
6816 1133 693 1143 159 
6817 1133 1143 693 825 
6818 811 1136 793 339 
6819 793 1136 811 839 
6820 639 1094 313 624 
6821 313 1094 639 237 
6822 1182 1122 933 891 
6823 1182 933 1122 953 
6824 1170 381 414 996 
6825 1170 414 381 476 
6826 146 1168 815 350 
6827 815 1168 146 786 
6828 1170 468 377 476 
6829 1225 510 1129 621 
6830 1225 1129 510 1176 
6831 1242 1155 943 952 
6832 1242 943 1155 960 
6833 1293 225 1102 1263 
6834 1293 1102 225 217 
6835 1096 1102 225 1263 
6836 1096 225 1102 217 
6837 472 1234 1006 479 
6838 1006 1234 472 648 
6839 1006 379 472 479 
6840 472 379 1006 648 
6841 879 468 116 846 
6842 116 468 879 483 
6843 1250 449 463 371 
6844 1250 463 449 1106 
6845 1244 637 622 289 
6846 1244 622 637 588 
6847 1197 250 1272 249 
6848 1197 1272 250 1073 
6849 1182 1228 1147 971 
6850 1147 1228 1182 953 
6851 794 1274 1048 834 
6852 1048 1274 794 296 
6853 1276 745 743 744 
6854 1276 743 745 1065 
6855 1302 996 862 1190 
6856 1302 862 996 1207 
6857 1004 1290 415 454 
6858 1004 415 1290 1070 
6859 370 415 1290 454 
6860 370 1290 415 1070 
6861 1224 680 686 667 
6862 1224 686 680 1139 
6863 1201 81 82 439 
6864 1201 82 81 594 
6865 1306 561 636 1073 
6866 1306 636 561 634 
6867 458 684 92 690 
6868 92 684 458 475 
6869 327 599 1252 161 
6870 1252 599 327 511 
6871 1300 816 830 302 
6872 1300 830 816 784 
6873 468 874 1170 377 
6874 1170 874 468 846 
6875 154 637 1244 289 
6876 1244 637 154 620 
6877 637 284 622 289 
6878 637 622 284 494 
6879 648 457 89 675 
6880 89 457 648 472 
6881 709 301 54 792 
6882 709 54 301 323 
6883 336 1080 827 232 
6884 827 694 336 232 
6885 336 694 827 814 
6886 840 378 119 887 
6887 840 119 378 477 
6888 288 498 13 640 
6889 288 13 498 324 
6890 149 497 15 313 
6891 149 15 497 615 
6892 611 650 1139 674 
6893 1139 650 611 507 
6894 639 150 17 343 
6895 17 150 639 616 
6896 869 710 142 842 
6897 142 710 869 809 
6898 674 512 130 644 
6899 674 130 512 611 
6900 840 377 118 477 
6901 840 118 377 874 
6902 827 336 780 1080 
6903 780 336 827 814 
$EndElements
